TEST,ANSWER,TIME
C:\Projects\IU\Philosophy\Assignment1-AStar\tests\0.txt,5,0.18799495697021484
C:\Projects\IU\Philosophy\Assignment1-AStar\tests\1.txt,11,0.3297903537750244
C:\Projects\IU\Philosophy\Assignment1-AStar\tests\2.txt,8,0.1398160457611084
C:\Projects\IU\Philosophy\Assignment1-AStar\tests\3.txt,16,0.3408362865447998
C:\Projects\IU\Philosophy\Assignment1-AStar\tests\4.txt,2,0.12378406524658203
C:\Projects\IU\Philosophy\Assignment1-AStar\tests\5.txt,8,0.16873598098754883
C:\Projects\IU\Philosophy\Assignment1-AStar\tests\6.txt,-1,0.37104344367980957
C:\Projects\IU\Philosophy\Assignment1-AStar\tests\7.txt,11,0.15680861473083496
C:\Projects\IU\Philosophy\Assignment1-AStar\tests\8.txt,11,0.38765430450439453
C:\Projects\IU\Philosophy\Assignment1-AStar\tests\9.txt,3,0.11957836151123047
C:\Projects\IU\Philosophy\Assignment1-AStar\tests\10.txt,24,0.24660015106201172
C:\Projects\IU\Philosophy\Assignment1-AStar\tests\11.txt,8,0.1504361629486084
C:\Projects\IU\Philosophy\Assignment1-AStar\tests\12.txt,9,0.1797471046447754
C:\Projects\IU\Philosophy\Assignment1-AStar\tests\13.txt,7,0.1503005027770996
C:\Projects\IU\Philosophy\Assignment1-AStar\tests\14.txt,3,0.11301517486572266
C:\Projects\IU\Philosophy\Assignment1-AStar\tests\15.txt,13,0.1943953037261963
C:\Projects\IU\Philosophy\Assignment1-AStar\tests\16.txt,4,0.2489454746246338
C:\Projects\IU\Philosophy\Assignment1-AStar\tests\17.txt,12,0.2685542106628418
C:\Projects\IU\Philosophy\Assignment1-AStar\tests\18.txt,9,0.17542386054992676
C:\Projects\IU\Philosophy\Assignment1-AStar\tests\19.txt,7,0.14700818061828613
C:\Projects\IU\Philosophy\Assignment1-AStar\tests\20.txt,5,0.13183808326721191
C:\Projects\IU\Philosophy\Assignment1-AStar\tests\21.txt,13,0.2330188751220703
C:\Projects\IU\Philosophy\Assignment1-AStar\tests\22.txt,6,0.15149807929992676
C:\Projects\IU\Philosophy\Assignment1-AStar\tests\23.txt,14,0.3187739849090576
C:\Projects\IU\Philosophy\Assignment1-AStar\tests\24.txt,8,0.13623857498168945
C:\Projects\IU\Philosophy\Assignment1-AStar\tests\25.txt,12,0.47759056091308594
C:\Projects\IU\Philosophy\Assignment1-AStar\tests\26.txt,2,0.21951532363891602
C:\Projects\IU\Philosophy\Assignment1-AStar\tests\27.txt,13,0.2974693775177002
C:\Projects\IU\Philosophy\Assignment1-AStar\tests\28.txt,6,0.15355491638183594
C:\Projects\IU\Philosophy\Assignment1-AStar\tests\29.txt,13,0.34252452850341797
C:\Projects\IU\Philosophy\Assignment1-AStar\tests\30.txt,2,0.18450188636779785
C:\Projects\IU\Philosophy\Assignment1-AStar\tests\31.txt,10,0.17689967155456543
C:\Projects\IU\Philosophy\Assignment1-AStar\tests\32.txt,12,0.23047327995300293
C:\Projects\IU\Philosophy\Assignment1-AStar\tests\33.txt,3,0.12435793876647949
C:\Projects\IU\Philosophy\Assignment1-AStar\tests\34.txt,17,0.3317296504974365
C:\Projects\IU\Philosophy\Assignment1-AStar\tests\35.txt,3,0.11985635757446289
C:\Projects\IU\Philosophy\Assignment1-AStar\tests\36.txt,2,0.11528658866882324
C:\Projects\IU\Philosophy\Assignment1-AStar\tests\37.txt,15,0.4485316276550293
C:\Projects\IU\Philosophy\Assignment1-AStar\tests\38.txt,13,0.3018310070037842
C:\Projects\IU\Philosophy\Assignment1-AStar\tests\39.txt,12,0.23767495155334473
C:\Projects\IU\Philosophy\Assignment1-AStar\tests\40.txt,12,0.2459886074066162
C:\Projects\IU\Philosophy\Assignment1-AStar\tests\41.txt,16,0.1784381866455078
C:\Projects\IU\Philosophy\Assignment1-AStar\tests\42.txt,8,0.2682032585144043
C:\Projects\IU\Philosophy\Assignment1-AStar\tests\43.txt,7,0.5070381164550781
C:\Projects\IU\Philosophy\Assignment1-AStar\tests\44.txt,14,0.400911808013916
C:\Projects\IU\Philosophy\Assignment1-AStar\tests\45.txt,9,0.23830032348632812
C:\Projects\IU\Philosophy\Assignment1-AStar\tests\46.txt,10,0.14243006706237793
C:\Projects\IU\Philosophy\Assignment1-AStar\tests\47.txt,4,0.12942957878112793
C:\Projects\IU\Philosophy\Assignment1-AStar\tests\48.txt,8,0.24378418922424316
C:\Projects\IU\Philosophy\Assignment1-AStar\tests\49.txt,-1,0.11134123802185059
C:\Projects\IU\Philosophy\Assignment1-AStar\tests\50.txt,6,0.1533043384552002
C:\Projects\IU\Philosophy\Assignment1-AStar\tests\51.txt,14,0.32111358642578125
C:\Projects\IU\Philosophy\Assignment1-AStar\tests\52.txt,8,0.17148447036743164
C:\Projects\IU\Philosophy\Assignment1-AStar\tests\53.txt,8,0.12823224067687988
C:\Projects\IU\Philosophy\Assignment1-AStar\tests\54.txt,7,0.13095378875732422
C:\Projects\IU\Philosophy\Assignment1-AStar\tests\55.txt,-1,0.11945819854736328
C:\Projects\IU\Philosophy\Assignment1-AStar\tests\56.txt,11,0.23762774467468262
C:\Projects\IU\Philosophy\Assignment1-AStar\tests\57.txt,7,0.3154795169830322
C:\Projects\IU\Philosophy\Assignment1-AStar\tests\58.txt,11,0.16138243675231934
C:\Projects\IU\Philosophy\Assignment1-AStar\tests\59.txt,16,0.30687618255615234
C:\Projects\IU\Philosophy\Assignment1-AStar\tests\60.txt,2,0.1230008602142334
C:\Projects\IU\Philosophy\Assignment1-AStar\tests\61.txt,16,0.27587080001831055
C:\Projects\IU\Philosophy\Assignment1-AStar\tests\62.txt,8,0.1952054500579834
C:\Projects\IU\Philosophy\Assignment1-AStar\tests\63.txt,4,0.23171472549438477
C:\Projects\IU\Philosophy\Assignment1-AStar\tests\64.txt,7,0.2438504695892334
C:\Projects\IU\Philosophy\Assignment1-AStar\tests\65.txt,9,0.21282434463500977
C:\Projects\IU\Philosophy\Assignment1-AStar\tests\66.txt,8,0.12346506118774414
C:\Projects\IU\Philosophy\Assignment1-AStar\tests\67.txt,1,0.12004756927490234
C:\Projects\IU\Philosophy\Assignment1-AStar\tests\68.txt,4,0.17297148704528809
C:\Projects\IU\Philosophy\Assignment1-AStar\tests\69.txt,6,0.3658878803253174
C:\Projects\IU\Philosophy\Assignment1-AStar\tests\70.txt,2,0.17613792419433594
C:\Projects\IU\Philosophy\Assignment1-AStar\tests\71.txt,12,0.17903780937194824
C:\Projects\IU\Philosophy\Assignment1-AStar\tests\72.txt,17,0.23032760620117188
C:\Projects\IU\Philosophy\Assignment1-AStar\tests\73.txt,5,0.14919805526733398
C:\Projects\IU\Philosophy\Assignment1-AStar\tests\74.txt,5,0.17781805992126465
C:\Projects\IU\Philosophy\Assignment1-AStar\tests\75.txt,11,0.2384018898010254
C:\Projects\IU\Philosophy\Assignment1-AStar\tests\76.txt,11,0.3002026081085205
C:\Projects\IU\Philosophy\Assignment1-AStar\tests\77.txt,10,0.2774693965911865
C:\Projects\IU\Philosophy\Assignment1-AStar\tests\78.txt,10,0.29835033416748047
C:\Projects\IU\Philosophy\Assignment1-AStar\tests\79.txt,13,0.1948223114013672
C:\Projects\IU\Philosophy\Assignment1-AStar\tests\80.txt,3,0.26210737228393555
C:\Projects\IU\Philosophy\Assignment1-AStar\tests\81.txt,1,0.11167311668395996
C:\Projects\IU\Philosophy\Assignment1-AStar\tests\82.txt,5,0.11554789543151855
C:\Projects\IU\Philosophy\Assignment1-AStar\tests\83.txt,13,0.2763538360595703
C:\Projects\IU\Philosophy\Assignment1-AStar\tests\84.txt,14,0.18588995933532715
C:\Projects\IU\Philosophy\Assignment1-AStar\tests\85.txt,8,0.20076417922973633
C:\Projects\IU\Philosophy\Assignment1-AStar\tests\86.txt,2,0.1189885139465332
C:\Projects\IU\Philosophy\Assignment1-AStar\tests\87.txt,7,0.329556941986084
C:\Projects\IU\Philosophy\Assignment1-AStar\tests\88.txt,-1,0.22264337539672852
C:\Projects\IU\Philosophy\Assignment1-AStar\tests\89.txt,10,0.3190877437591553
C:\Projects\IU\Philosophy\Assignment1-AStar\tests\90.txt,8,0.27716779708862305
C:\Projects\IU\Philosophy\Assignment1-AStar\tests\91.txt,2,0.11693120002746582
C:\Projects\IU\Philosophy\Assignment1-AStar\tests\92.txt,13,0.2334296703338623
C:\Projects\IU\Philosophy\Assignment1-AStar\tests\93.txt,3,0.1264781951904297
C:\Projects\IU\Philosophy\Assignment1-AStar\tests\94.txt,8,0.20580720901489258
C:\Projects\IU\Philosophy\Assignment1-AStar\tests\95.txt,10,0.23065567016601562
C:\Projects\IU\Philosophy\Assignment1-AStar\tests\96.txt,5,0.20969653129577637
C:\Projects\IU\Philosophy\Assignment1-AStar\tests\97.txt,12,0.14346528053283691
C:\Projects\IU\Philosophy\Assignment1-AStar\tests\98.txt,3,0.23317313194274902
C:\Projects\IU\Philosophy\Assignment1-AStar\tests\99.txt,1,0.11288261413574219
C:\Projects\IU\Philosophy\Assignment1-AStar\tests\100.txt,2,0.11466455459594727
C:\Projects\IU\Philosophy\Assignment1-AStar\tests\101.txt,5,0.15203595161437988
C:\Projects\IU\Philosophy\Assignment1-AStar\tests\102.txt,9,0.1622169017791748
C:\Projects\IU\Philosophy\Assignment1-AStar\tests\103.txt,19,0.29590320587158203
C:\Projects\IU\Philosophy\Assignment1-AStar\tests\104.txt,9,0.29549288749694824
C:\Projects\IU\Philosophy\Assignment1-AStar\tests\105.txt,12,0.29161906242370605
C:\Projects\IU\Philosophy\Assignment1-AStar\tests\106.txt,4,0.2763185501098633
C:\Projects\IU\Philosophy\Assignment1-AStar\tests\107.txt,-1,0.11935663223266602
C:\Projects\IU\Philosophy\Assignment1-AStar\tests\108.txt,4,0.11620426177978516
C:\Projects\IU\Philosophy\Assignment1-AStar\tests\109.txt,12,0.24330973625183105
C:\Projects\IU\Philosophy\Assignment1-AStar\tests\110.txt,15,0.3104672431945801
C:\Projects\IU\Philosophy\Assignment1-AStar\tests\111.txt,11,0.21044373512268066
C:\Projects\IU\Philosophy\Assignment1-AStar\tests\112.txt,1,0.11280393600463867
C:\Projects\IU\Philosophy\Assignment1-AStar\tests\113.txt,8,0.15334677696228027
C:\Projects\IU\Philosophy\Assignment1-AStar\tests\114.txt,4,0.11257553100585938
C:\Projects\IU\Philosophy\Assignment1-AStar\tests\115.txt,11,0.24108195304870605
C:\Projects\IU\Philosophy\Assignment1-AStar\tests\116.txt,4,0.18790245056152344
C:\Projects\IU\Philosophy\Assignment1-AStar\tests\117.txt,14,0.31631994247436523
C:\Projects\IU\Philosophy\Assignment1-AStar\tests\118.txt,6,0.13687729835510254
C:\Projects\IU\Philosophy\Assignment1-AStar\tests\119.txt,8,0.14760184288024902
C:\Projects\IU\Philosophy\Assignment1-AStar\tests\120.txt,15,0.4096076488494873
C:\Projects\IU\Philosophy\Assignment1-AStar\tests\121.txt,13,0.32062315940856934
C:\Projects\IU\Philosophy\Assignment1-AStar\tests\122.txt,8,0.12911295890808105
C:\Projects\IU\Philosophy\Assignment1-AStar\tests\123.txt,7,0.15938520431518555
C:\Projects\IU\Philosophy\Assignment1-AStar\tests\124.txt,12,0.24683451652526855
C:\Projects\IU\Philosophy\Assignment1-AStar\tests\125.txt,8,0.23981666564941406
C:\Projects\IU\Philosophy\Assignment1-AStar\tests\126.txt,12,0.3443644046783447
C:\Projects\IU\Philosophy\Assignment1-AStar\tests\127.txt,12,0.23309707641601562
C:\Projects\IU\Philosophy\Assignment1-AStar\tests\128.txt,13,0.25565433502197266
C:\Projects\IU\Philosophy\Assignment1-AStar\tests\129.txt,7,0.1282339096069336
C:\Projects\IU\Philosophy\Assignment1-AStar\tests\130.txt,6,0.27695679664611816
C:\Projects\IU\Philosophy\Assignment1-AStar\tests\131.txt,12,0.16965699195861816
C:\Projects\IU\Philosophy\Assignment1-AStar\tests\132.txt,-1,0.11682772636413574
C:\Projects\IU\Philosophy\Assignment1-AStar\tests\133.txt,8,0.18221426010131836
C:\Projects\IU\Philosophy\Assignment1-AStar\tests\134.txt,15,0.1955864429473877
C:\Projects\IU\Philosophy\Assignment1-AStar\tests\135.txt,8,0.23954987525939941
C:\Projects\IU\Philosophy\Assignment1-AStar\tests\136.txt,-1,0.11705446243286133
C:\Projects\IU\Philosophy\Assignment1-AStar\tests\137.txt,14,0.24574923515319824
C:\Projects\IU\Philosophy\Assignment1-AStar\tests\138.txt,6,0.13274002075195312
C:\Projects\IU\Philosophy\Assignment1-AStar\tests\139.txt,5,0.12224078178405762
C:\Projects\IU\Philosophy\Assignment1-AStar\tests\140.txt,9,0.20658588409423828
C:\Projects\IU\Philosophy\Assignment1-AStar\tests\141.txt,8,0.1387627124786377
C:\Projects\IU\Philosophy\Assignment1-AStar\tests\142.txt,15,0.3462045192718506
C:\Projects\IU\Philosophy\Assignment1-AStar\tests\143.txt,12,0.25870609283447266
C:\Projects\IU\Philosophy\Assignment1-AStar\tests\144.txt,1,0.11512184143066406
C:\Projects\IU\Philosophy\Assignment1-AStar\tests\145.txt,8,0.1262500286102295
C:\Projects\IU\Philosophy\Assignment1-AStar\tests\146.txt,15,0.37274885177612305
C:\Projects\IU\Philosophy\Assignment1-AStar\tests\147.txt,10,0.27419018745422363
C:\Projects\IU\Philosophy\Assignment1-AStar\tests\148.txt,6,0.13031315803527832
C:\Projects\IU\Philosophy\Assignment1-AStar\tests\149.txt,14,0.2643468379974365
C:\Projects\IU\Philosophy\Assignment1-AStar\tests\150.txt,4,0.1183476448059082
C:\Projects\IU\Philosophy\Assignment1-AStar\tests\151.txt,7,0.2774009704589844
C:\Projects\IU\Philosophy\Assignment1-AStar\tests\152.txt,14,0.3406074047088623
C:\Projects\IU\Philosophy\Assignment1-AStar\tests\153.txt,16,0.21931123733520508
C:\Projects\IU\Philosophy\Assignment1-AStar\tests\154.txt,15,0.3496367931365967
C:\Projects\IU\Philosophy\Assignment1-AStar\tests\155.txt,8,0.17306923866271973
C:\Projects\IU\Philosophy\Assignment1-AStar\tests\156.txt,-1,0.11985492706298828
C:\Projects\IU\Philosophy\Assignment1-AStar\tests\157.txt,10,0.2061460018157959
C:\Projects\IU\Philosophy\Assignment1-AStar\tests\158.txt,15,0.2679305076599121
C:\Projects\IU\Philosophy\Assignment1-AStar\tests\159.txt,14,0.35608839988708496
C:\Projects\IU\Philosophy\Assignment1-AStar\tests\160.txt,8,0.194840669631958
C:\Projects\IU\Philosophy\Assignment1-AStar\tests\161.txt,10,0.2242121696472168
C:\Projects\IU\Philosophy\Assignment1-AStar\tests\162.txt,14,0.23717188835144043
C:\Projects\IU\Philosophy\Assignment1-AStar\tests\163.txt,9,0.18706226348876953
C:\Projects\IU\Philosophy\Assignment1-AStar\tests\164.txt,4,0.23443198204040527
C:\Projects\IU\Philosophy\Assignment1-AStar\tests\165.txt,7,0.2720458507537842
C:\Projects\IU\Philosophy\Assignment1-AStar\tests\166.txt,2,0.11806964874267578
C:\Projects\IU\Philosophy\Assignment1-AStar\tests\167.txt,7,0.21657776832580566
C:\Projects\IU\Philosophy\Assignment1-AStar\tests\168.txt,2,0.3045210838317871
C:\Projects\IU\Philosophy\Assignment1-AStar\tests\169.txt,8,0.11525559425354004
C:\Projects\IU\Philosophy\Assignment1-AStar\tests\170.txt,12,0.1989736557006836
C:\Projects\IU\Philosophy\Assignment1-AStar\tests\171.txt,7,0.12241005897521973
C:\Projects\IU\Philosophy\Assignment1-AStar\tests\172.txt,7,0.12165021896362305
C:\Projects\IU\Philosophy\Assignment1-AStar\tests\173.txt,13,0.2864859104156494
C:\Projects\IU\Philosophy\Assignment1-AStar\tests\174.txt,9,0.37122082710266113
C:\Projects\IU\Philosophy\Assignment1-AStar\tests\175.txt,8,0.1617724895477295
C:\Projects\IU\Philosophy\Assignment1-AStar\tests\176.txt,7,0.12914443016052246
C:\Projects\IU\Philosophy\Assignment1-AStar\tests\177.txt,9,0.1336536407470703
C:\Projects\IU\Philosophy\Assignment1-AStar\tests\178.txt,5,0.138596773147583
C:\Projects\IU\Philosophy\Assignment1-AStar\tests\179.txt,8,0.22822809219360352
C:\Projects\IU\Philosophy\Assignment1-AStar\tests\180.txt,-1,0.12014007568359375
C:\Projects\IU\Philosophy\Assignment1-AStar\tests\181.txt,5,0.4271886348724365
C:\Projects\IU\Philosophy\Assignment1-AStar\tests\182.txt,3,0.14376544952392578
C:\Projects\IU\Philosophy\Assignment1-AStar\tests\183.txt,1,0.11326742172241211
C:\Projects\IU\Philosophy\Assignment1-AStar\tests\184.txt,-1,0.3115687370300293
C:\Projects\IU\Philosophy\Assignment1-AStar\tests\185.txt,4,0.229966402053833
C:\Projects\IU\Philosophy\Assignment1-AStar\tests\186.txt,15,0.18944478034973145
C:\Projects\IU\Philosophy\Assignment1-AStar\tests\187.txt,15,0.37734127044677734
C:\Projects\IU\Philosophy\Assignment1-AStar\tests\188.txt,7,0.2473771572113037
C:\Projects\IU\Philosophy\Assignment1-AStar\tests\189.txt,15,0.46003055572509766
C:\Projects\IU\Philosophy\Assignment1-AStar\tests\190.txt,8,0.544419527053833
C:\Projects\IU\Philosophy\Assignment1-AStar\tests\191.txt,6,0.19313526153564453
C:\Projects\IU\Philosophy\Assignment1-AStar\tests\192.txt,5,0.1371598243713379
C:\Projects\IU\Philosophy\Assignment1-AStar\tests\193.txt,4,0.1342754364013672
C:\Projects\IU\Philosophy\Assignment1-AStar\tests\194.txt,5,0.12324047088623047
C:\Projects\IU\Philosophy\Assignment1-AStar\tests\195.txt,12,0.25087881088256836
C:\Projects\IU\Philosophy\Assignment1-AStar\tests\196.txt,-1,0.15108323097229004
C:\Projects\IU\Philosophy\Assignment1-AStar\tests\197.txt,9,0.23956012725830078
C:\Projects\IU\Philosophy\Assignment1-AStar\tests\198.txt,9,0.2681612968444824
C:\Projects\IU\Philosophy\Assignment1-AStar\tests\199.txt,11,0.24330615997314453
C:\Projects\IU\Philosophy\Assignment1-AStar\tests\200.txt,5,0.11837410926818848
C:\Projects\IU\Philosophy\Assignment1-AStar\tests\201.txt,10,0.20078682899475098
C:\Projects\IU\Philosophy\Assignment1-AStar\tests\202.txt,13,0.18148326873779297
C:\Projects\IU\Philosophy\Assignment1-AStar\tests\203.txt,9,0.22104597091674805
C:\Projects\IU\Philosophy\Assignment1-AStar\tests\204.txt,3,0.11818313598632812
C:\Projects\IU\Philosophy\Assignment1-AStar\tests\205.txt,11,0.2773134708404541
C:\Projects\IU\Philosophy\Assignment1-AStar\tests\206.txt,2,0.12760543823242188
C:\Projects\IU\Philosophy\Assignment1-AStar\tests\207.txt,1,0.1387648582458496
C:\Projects\IU\Philosophy\Assignment1-AStar\tests\208.txt,8,0.1650702953338623
C:\Projects\IU\Philosophy\Assignment1-AStar\tests\209.txt,12,0.21593761444091797
C:\Projects\IU\Philosophy\Assignment1-AStar\tests\210.txt,4,0.12066841125488281
C:\Projects\IU\Philosophy\Assignment1-AStar\tests\211.txt,8,0.24921607971191406
C:\Projects\IU\Philosophy\Assignment1-AStar\tests\212.txt,6,0.1361088752746582
C:\Projects\IU\Philosophy\Assignment1-AStar\tests\213.txt,17,0.2857503890991211
C:\Projects\IU\Philosophy\Assignment1-AStar\tests\214.txt,5,0.17974257469177246
C:\Projects\IU\Philosophy\Assignment1-AStar\tests\215.txt,7,0.19172024726867676
C:\Projects\IU\Philosophy\Assignment1-AStar\tests\216.txt,14,0.3834221363067627
C:\Projects\IU\Philosophy\Assignment1-AStar\tests\217.txt,6,0.17215871810913086
C:\Projects\IU\Philosophy\Assignment1-AStar\tests\218.txt,4,0.183976411819458
C:\Projects\IU\Philosophy\Assignment1-AStar\tests\219.txt,8,0.2893075942993164
C:\Projects\IU\Philosophy\Assignment1-AStar\tests\220.txt,4,0.13848423957824707
C:\Projects\IU\Philosophy\Assignment1-AStar\tests\221.txt,8,0.14033150672912598
C:\Projects\IU\Philosophy\Assignment1-AStar\tests\222.txt,-1,0.1274876594543457
C:\Projects\IU\Philosophy\Assignment1-AStar\tests\223.txt,10,0.15384626388549805
C:\Projects\IU\Philosophy\Assignment1-AStar\tests\224.txt,16,0.42413759231567383
C:\Projects\IU\Philosophy\Assignment1-AStar\tests\225.txt,6,0.13553977012634277
C:\Projects\IU\Philosophy\Assignment1-AStar\tests\226.txt,12,0.20169878005981445
C:\Projects\IU\Philosophy\Assignment1-AStar\tests\227.txt,6,0.2491285800933838
C:\Projects\IU\Philosophy\Assignment1-AStar\tests\228.txt,6,0.11778712272644043
C:\Projects\IU\Philosophy\Assignment1-AStar\tests\229.txt,11,0.31225013732910156
C:\Projects\IU\Philosophy\Assignment1-AStar\tests\230.txt,12,0.3443453311920166
C:\Projects\IU\Philosophy\Assignment1-AStar\tests\231.txt,12,0.27074384689331055
C:\Projects\IU\Philosophy\Assignment1-AStar\tests\232.txt,-1,0.12181210517883301
C:\Projects\IU\Philosophy\Assignment1-AStar\tests\233.txt,8,0.36550116539001465
C:\Projects\IU\Philosophy\Assignment1-AStar\tests\234.txt,8,0.18235540390014648
C:\Projects\IU\Philosophy\Assignment1-AStar\tests\235.txt,13,0.34233641624450684
C:\Projects\IU\Philosophy\Assignment1-AStar\tests\236.txt,4,0.1679549217224121
C:\Projects\IU\Philosophy\Assignment1-AStar\tests\237.txt,6,0.13100671768188477
C:\Projects\IU\Philosophy\Assignment1-AStar\tests\238.txt,8,0.1740865707397461
C:\Projects\IU\Philosophy\Assignment1-AStar\tests\239.txt,10,0.16418910026550293
C:\Projects\IU\Philosophy\Assignment1-AStar\tests\240.txt,-1,0.1315920352935791
C:\Projects\IU\Philosophy\Assignment1-AStar\tests\241.txt,10,0.3078043460845947
C:\Projects\IU\Philosophy\Assignment1-AStar\tests\242.txt,9,0.30934906005859375
C:\Projects\IU\Philosophy\Assignment1-AStar\tests\243.txt,11,0.36618900299072266
C:\Projects\IU\Philosophy\Assignment1-AStar\tests\244.txt,11,0.1625347137451172
C:\Projects\IU\Philosophy\Assignment1-AStar\tests\245.txt,10,0.2017984390258789
C:\Projects\IU\Philosophy\Assignment1-AStar\tests\246.txt,15,0.5809996128082275
C:\Projects\IU\Philosophy\Assignment1-AStar\tests\247.txt,-1,0.20960569381713867
C:\Projects\IU\Philosophy\Assignment1-AStar\tests\248.txt,4,0.14804792404174805
C:\Projects\IU\Philosophy\Assignment1-AStar\tests\249.txt,12,0.34089112281799316
C:\Projects\IU\Philosophy\Assignment1-AStar\tests\250.txt,14,0.24717974662780762
C:\Projects\IU\Philosophy\Assignment1-AStar\tests\251.txt,15,0.2857687473297119
C:\Projects\IU\Philosophy\Assignment1-AStar\tests\252.txt,1,0.12003517150878906
C:\Projects\IU\Philosophy\Assignment1-AStar\tests\253.txt,11,0.29889559745788574
C:\Projects\IU\Philosophy\Assignment1-AStar\tests\254.txt,4,0.1975095272064209
C:\Projects\IU\Philosophy\Assignment1-AStar\tests\255.txt,-1,0.1158456802368164
C:\Projects\IU\Philosophy\Assignment1-AStar\tests\256.txt,8,0.19144725799560547
C:\Projects\IU\Philosophy\Assignment1-AStar\tests\257.txt,-1,0.12128806114196777
C:\Projects\IU\Philosophy\Assignment1-AStar\tests\258.txt,4,0.11523675918579102
C:\Projects\IU\Philosophy\Assignment1-AStar\tests\259.txt,9,0.25216054916381836
C:\Projects\IU\Philosophy\Assignment1-AStar\tests\260.txt,7,0.12578654289245605
C:\Projects\IU\Philosophy\Assignment1-AStar\tests\261.txt,8,0.20237398147583008
C:\Projects\IU\Philosophy\Assignment1-AStar\tests\262.txt,2,0.1370861530303955
C:\Projects\IU\Philosophy\Assignment1-AStar\tests\263.txt,4,0.11288905143737793
C:\Projects\IU\Philosophy\Assignment1-AStar\tests\264.txt,16,0.26311779022216797
C:\Projects\IU\Philosophy\Assignment1-AStar\tests\265.txt,3,0.11906194686889648
C:\Projects\IU\Philosophy\Assignment1-AStar\tests\266.txt,9,0.1492023468017578
C:\Projects\IU\Philosophy\Assignment1-AStar\tests\267.txt,16,0.35466790199279785
C:\Projects\IU\Philosophy\Assignment1-AStar\tests\268.txt,8,0.13439130783081055
C:\Projects\IU\Philosophy\Assignment1-AStar\tests\269.txt,9,0.1238100528717041
C:\Projects\IU\Philosophy\Assignment1-AStar\tests\270.txt,5,0.201218843460083
C:\Projects\IU\Philosophy\Assignment1-AStar\tests\271.txt,6,0.15097999572753906
C:\Projects\IU\Philosophy\Assignment1-AStar\tests\272.txt,7,0.25825977325439453
C:\Projects\IU\Philosophy\Assignment1-AStar\tests\273.txt,2,0.2783997058868408
C:\Projects\IU\Philosophy\Assignment1-AStar\tests\274.txt,9,0.2631955146789551
C:\Projects\IU\Philosophy\Assignment1-AStar\tests\275.txt,5,0.15291309356689453
C:\Projects\IU\Philosophy\Assignment1-AStar\tests\276.txt,-1,0.15122199058532715
C:\Projects\IU\Philosophy\Assignment1-AStar\tests\277.txt,12,0.19109129905700684
C:\Projects\IU\Philosophy\Assignment1-AStar\tests\278.txt,2,0.11738204956054688
C:\Projects\IU\Philosophy\Assignment1-AStar\tests\279.txt,6,0.18952488899230957
C:\Projects\IU\Philosophy\Assignment1-AStar\tests\280.txt,7,0.12345671653747559
C:\Projects\IU\Philosophy\Assignment1-AStar\tests\281.txt,9,0.13710379600524902
C:\Projects\IU\Philosophy\Assignment1-AStar\tests\282.txt,6,0.12860345840454102
C:\Projects\IU\Philosophy\Assignment1-AStar\tests\283.txt,2,0.20745182037353516
C:\Projects\IU\Philosophy\Assignment1-AStar\tests\284.txt,14,0.27538514137268066
C:\Projects\IU\Philosophy\Assignment1-AStar\tests\285.txt,2,0.1887209415435791
C:\Projects\IU\Philosophy\Assignment1-AStar\tests\286.txt,9,0.1863265037536621
C:\Projects\IU\Philosophy\Assignment1-AStar\tests\287.txt,-1,0.11057686805725098
C:\Projects\IU\Philosophy\Assignment1-AStar\tests\288.txt,2,0.11919689178466797
C:\Projects\IU\Philosophy\Assignment1-AStar\tests\289.txt,6,0.14128947257995605
C:\Projects\IU\Philosophy\Assignment1-AStar\tests\290.txt,4,0.1467115879058838
C:\Projects\IU\Philosophy\Assignment1-AStar\tests\291.txt,7,0.2350482940673828
C:\Projects\IU\Philosophy\Assignment1-AStar\tests\292.txt,16,0.25095438957214355
C:\Projects\IU\Philosophy\Assignment1-AStar\tests\293.txt,9,0.29879021644592285
C:\Projects\IU\Philosophy\Assignment1-AStar\tests\294.txt,9,0.13977575302124023
C:\Projects\IU\Philosophy\Assignment1-AStar\tests\295.txt,6,0.12093830108642578
C:\Projects\IU\Philosophy\Assignment1-AStar\tests\296.txt,13,0.3490417003631592
C:\Projects\IU\Philosophy\Assignment1-AStar\tests\297.txt,5,0.2542731761932373
C:\Projects\IU\Philosophy\Assignment1-AStar\tests\298.txt,-1,0.10867762565612793
C:\Projects\IU\Philosophy\Assignment1-AStar\tests\299.txt,14,0.2923269271850586
C:\Projects\IU\Philosophy\Assignment1-AStar\tests\300.txt,2,0.12897992134094238
C:\Projects\IU\Philosophy\Assignment1-AStar\tests\301.txt,11,0.23595333099365234
C:\Projects\IU\Philosophy\Assignment1-AStar\tests\302.txt,8,0.1387326717376709
C:\Projects\IU\Philosophy\Assignment1-AStar\tests\303.txt,6,0.2667570114135742
C:\Projects\IU\Philosophy\Assignment1-AStar\tests\304.txt,13,0.21118903160095215
C:\Projects\IU\Philosophy\Assignment1-AStar\tests\305.txt,8,0.13098454475402832
C:\Projects\IU\Philosophy\Assignment1-AStar\tests\306.txt,8,0.1365966796875
C:\Projects\IU\Philosophy\Assignment1-AStar\tests\307.txt,14,0.2594566345214844
C:\Projects\IU\Philosophy\Assignment1-AStar\tests\308.txt,11,0.22604990005493164
C:\Projects\IU\Philosophy\Assignment1-AStar\tests\309.txt,8,0.15954971313476562
C:\Projects\IU\Philosophy\Assignment1-AStar\tests\310.txt,-1,0.11262679100036621
C:\Projects\IU\Philosophy\Assignment1-AStar\tests\311.txt,9,0.2449343204498291
C:\Projects\IU\Philosophy\Assignment1-AStar\tests\312.txt,6,0.11865735054016113
C:\Projects\IU\Philosophy\Assignment1-AStar\tests\313.txt,10,0.25281763076782227
C:\Projects\IU\Philosophy\Assignment1-AStar\tests\314.txt,9,0.17490077018737793
C:\Projects\IU\Philosophy\Assignment1-AStar\tests\315.txt,-1,0.12374472618103027
C:\Projects\IU\Philosophy\Assignment1-AStar\tests\316.txt,7,0.1580498218536377
C:\Projects\IU\Philosophy\Assignment1-AStar\tests\317.txt,13,0.25246262550354004
C:\Projects\IU\Philosophy\Assignment1-AStar\tests\318.txt,11,0.2606213092803955
C:\Projects\IU\Philosophy\Assignment1-AStar\tests\319.txt,11,0.1818702220916748
C:\Projects\IU\Philosophy\Assignment1-AStar\tests\320.txt,7,0.14249062538146973
C:\Projects\IU\Philosophy\Assignment1-AStar\tests\321.txt,11,0.25928330421447754
C:\Projects\IU\Philosophy\Assignment1-AStar\tests\322.txt,14,0.16985774040222168
C:\Projects\IU\Philosophy\Assignment1-AStar\tests\323.txt,13,0.35245203971862793
C:\Projects\IU\Philosophy\Assignment1-AStar\tests\324.txt,9,0.19197821617126465
C:\Projects\IU\Philosophy\Assignment1-AStar\tests\325.txt,7,0.1518092155456543
C:\Projects\IU\Philosophy\Assignment1-AStar\tests\326.txt,-1,0.10968732833862305
C:\Projects\IU\Philosophy\Assignment1-AStar\tests\327.txt,8,0.12893390655517578
C:\Projects\IU\Philosophy\Assignment1-AStar\tests\328.txt,9,0.1769092082977295
C:\Projects\IU\Philosophy\Assignment1-AStar\tests\329.txt,-1,0.11455845832824707
C:\Projects\IU\Philosophy\Assignment1-AStar\tests\330.txt,7,0.12392377853393555
C:\Projects\IU\Philosophy\Assignment1-AStar\tests\331.txt,-1,0.11935687065124512
C:\Projects\IU\Philosophy\Assignment1-AStar\tests\332.txt,10,0.19182109832763672
C:\Projects\IU\Philosophy\Assignment1-AStar\tests\333.txt,10,0.16942405700683594
C:\Projects\IU\Philosophy\Assignment1-AStar\tests\334.txt,4,0.18514728546142578
C:\Projects\IU\Philosophy\Assignment1-AStar\tests\335.txt,12,0.3244361877441406
C:\Projects\IU\Philosophy\Assignment1-AStar\tests\336.txt,3,0.15299773216247559
C:\Projects\IU\Philosophy\Assignment1-AStar\tests\337.txt,11,0.24741816520690918
C:\Projects\IU\Philosophy\Assignment1-AStar\tests\338.txt,2,0.1081392765045166
C:\Projects\IU\Philosophy\Assignment1-AStar\tests\339.txt,7,0.2250204086303711
C:\Projects\IU\Philosophy\Assignment1-AStar\tests\340.txt,8,0.2917015552520752
C:\Projects\IU\Philosophy\Assignment1-AStar\tests\341.txt,-1,0.12636852264404297
C:\Projects\IU\Philosophy\Assignment1-AStar\tests\342.txt,5,0.13107681274414062
C:\Projects\IU\Philosophy\Assignment1-AStar\tests\343.txt,7,0.21324753761291504
C:\Projects\IU\Philosophy\Assignment1-AStar\tests\344.txt,10,0.14851832389831543
C:\Projects\IU\Philosophy\Assignment1-AStar\tests\345.txt,11,0.2423408031463623
C:\Projects\IU\Philosophy\Assignment1-AStar\tests\346.txt,-1,0.10971236228942871
C:\Projects\IU\Philosophy\Assignment1-AStar\tests\347.txt,5,0.20622467994689941
C:\Projects\IU\Philosophy\Assignment1-AStar\tests\348.txt,1,0.11621952056884766
C:\Projects\IU\Philosophy\Assignment1-AStar\tests\349.txt,6,0.12445616722106934
C:\Projects\IU\Philosophy\Assignment1-AStar\tests\350.txt,2,0.1082148551940918
C:\Projects\IU\Philosophy\Assignment1-AStar\tests\351.txt,5,0.11742043495178223
C:\Projects\IU\Philosophy\Assignment1-AStar\tests\352.txt,7,0.1271045207977295
C:\Projects\IU\Philosophy\Assignment1-AStar\tests\353.txt,11,0.28009796142578125
C:\Projects\IU\Philosophy\Assignment1-AStar\tests\354.txt,-1,0.11545753479003906
C:\Projects\IU\Philosophy\Assignment1-AStar\tests\355.txt,12,0.3271603584289551
C:\Projects\IU\Philosophy\Assignment1-AStar\tests\356.txt,14,0.35428833961486816
C:\Projects\IU\Philosophy\Assignment1-AStar\tests\357.txt,7,0.19079160690307617
C:\Projects\IU\Philosophy\Assignment1-AStar\tests\358.txt,11,0.17344141006469727
C:\Projects\IU\Philosophy\Assignment1-AStar\tests\359.txt,8,0.14243555068969727
C:\Projects\IU\Philosophy\Assignment1-AStar\tests\360.txt,9,0.19669318199157715
C:\Projects\IU\Philosophy\Assignment1-AStar\tests\361.txt,7,0.12615275382995605
C:\Projects\IU\Philosophy\Assignment1-AStar\tests\362.txt,15,0.30205869674682617
C:\Projects\IU\Philosophy\Assignment1-AStar\tests\363.txt,7,0.13251161575317383
C:\Projects\IU\Philosophy\Assignment1-AStar\tests\364.txt,8,0.1420280933380127
C:\Projects\IU\Philosophy\Assignment1-AStar\tests\365.txt,10,0.3283579349517822
C:\Projects\IU\Philosophy\Assignment1-AStar\tests\366.txt,10,0.22304415702819824
C:\Projects\IU\Philosophy\Assignment1-AStar\tests\367.txt,9,0.3270993232727051
C:\Projects\IU\Philosophy\Assignment1-AStar\tests\368.txt,10,0.14246273040771484
C:\Projects\IU\Philosophy\Assignment1-AStar\tests\369.txt,4,0.20195627212524414
C:\Projects\IU\Philosophy\Assignment1-AStar\tests\370.txt,10,0.25649285316467285
C:\Projects\IU\Philosophy\Assignment1-AStar\tests\371.txt,4,0.1393733024597168
C:\Projects\IU\Philosophy\Assignment1-AStar\tests\372.txt,10,0.22476482391357422
C:\Projects\IU\Philosophy\Assignment1-AStar\tests\373.txt,4,0.12938404083251953
C:\Projects\IU\Philosophy\Assignment1-AStar\tests\374.txt,8,0.26271510124206543
C:\Projects\IU\Philosophy\Assignment1-AStar\tests\375.txt,8,0.1455550193786621
C:\Projects\IU\Philosophy\Assignment1-AStar\tests\376.txt,2,0.1098487377166748
C:\Projects\IU\Philosophy\Assignment1-AStar\tests\377.txt,-1,0.11470770835876465
C:\Projects\IU\Philosophy\Assignment1-AStar\tests\378.txt,8,0.1411738395690918
C:\Projects\IU\Philosophy\Assignment1-AStar\tests\379.txt,10,0.31250429153442383
C:\Projects\IU\Philosophy\Assignment1-AStar\tests\380.txt,6,0.12359762191772461
C:\Projects\IU\Philosophy\Assignment1-AStar\tests\381.txt,-1,0.11496210098266602
C:\Projects\IU\Philosophy\Assignment1-AStar\tests\382.txt,15,0.24805045127868652
C:\Projects\IU\Philosophy\Assignment1-AStar\tests\383.txt,10,0.22434687614440918
C:\Projects\IU\Philosophy\Assignment1-AStar\tests\384.txt,15,0.18575310707092285
C:\Projects\IU\Philosophy\Assignment1-AStar\tests\385.txt,16,0.3400297164916992
C:\Projects\IU\Philosophy\Assignment1-AStar\tests\386.txt,2,0.15456795692443848
C:\Projects\IU\Philosophy\Assignment1-AStar\tests\387.txt,4,0.11200881004333496
C:\Projects\IU\Philosophy\Assignment1-AStar\tests\388.txt,7,0.14750242233276367
C:\Projects\IU\Philosophy\Assignment1-AStar\tests\389.txt,-1,0.10683226585388184
C:\Projects\IU\Philosophy\Assignment1-AStar\tests\390.txt,8,0.2931785583496094
C:\Projects\IU\Philosophy\Assignment1-AStar\tests\391.txt,7,0.20482230186462402
C:\Projects\IU\Philosophy\Assignment1-AStar\tests\392.txt,14,0.2423086166381836
C:\Projects\IU\Philosophy\Assignment1-AStar\tests\393.txt,11,0.15159249305725098
C:\Projects\IU\Philosophy\Assignment1-AStar\tests\394.txt,6,0.12461304664611816
C:\Projects\IU\Philosophy\Assignment1-AStar\tests\395.txt,9,0.12950468063354492
C:\Projects\IU\Philosophy\Assignment1-AStar\tests\396.txt,9,0.2311701774597168
C:\Projects\IU\Philosophy\Assignment1-AStar\tests\397.txt,12,0.1430957317352295
C:\Projects\IU\Philosophy\Assignment1-AStar\tests\398.txt,15,0.30473923683166504
C:\Projects\IU\Philosophy\Assignment1-AStar\tests\399.txt,8,0.2270336151123047
C:\Projects\IU\Philosophy\Assignment1-AStar\tests\400.txt,-1,0.11517190933227539
C:\Projects\IU\Philosophy\Assignment1-AStar\tests\401.txt,20,0.16521763801574707
C:\Projects\IU\Philosophy\Assignment1-AStar\tests\402.txt,10,0.1305561065673828
C:\Projects\IU\Philosophy\Assignment1-AStar\tests\403.txt,15,0.345855712890625
C:\Projects\IU\Philosophy\Assignment1-AStar\tests\404.txt,17,0.3758664131164551
C:\Projects\IU\Philosophy\Assignment1-AStar\tests\405.txt,-1,0.11613035202026367
C:\Projects\IU\Philosophy\Assignment1-AStar\tests\406.txt,13,0.22590279579162598
C:\Projects\IU\Philosophy\Assignment1-AStar\tests\407.txt,6,0.2053208351135254
C:\Projects\IU\Philosophy\Assignment1-AStar\tests\408.txt,7,0.18124938011169434
C:\Projects\IU\Philosophy\Assignment1-AStar\tests\409.txt,-1,0.1127786636352539
C:\Projects\IU\Philosophy\Assignment1-AStar\tests\410.txt,14,0.32150983810424805
C:\Projects\IU\Philosophy\Assignment1-AStar\tests\411.txt,14,0.22989702224731445
C:\Projects\IU\Philosophy\Assignment1-AStar\tests\412.txt,9,0.19028449058532715
C:\Projects\IU\Philosophy\Assignment1-AStar\tests\413.txt,3,0.1458573341369629
C:\Projects\IU\Philosophy\Assignment1-AStar\tests\414.txt,9,0.2043616771697998
C:\Projects\IU\Philosophy\Assignment1-AStar\tests\415.txt,4,0.2677333354949951
C:\Projects\IU\Philosophy\Assignment1-AStar\tests\416.txt,11,0.2582557201385498
C:\Projects\IU\Philosophy\Assignment1-AStar\tests\417.txt,13,0.26868104934692383
C:\Projects\IU\Philosophy\Assignment1-AStar\tests\418.txt,2,0.11853575706481934
C:\Projects\IU\Philosophy\Assignment1-AStar\tests\419.txt,2,0.18181490898132324
C:\Projects\IU\Philosophy\Assignment1-AStar\tests\420.txt,-1,0.11425137519836426
C:\Projects\IU\Philosophy\Assignment1-AStar\tests\421.txt,14,0.3005836009979248
C:\Projects\IU\Philosophy\Assignment1-AStar\tests\422.txt,13,0.30870819091796875
C:\Projects\IU\Philosophy\Assignment1-AStar\tests\423.txt,2,0.17263436317443848
C:\Projects\IU\Philosophy\Assignment1-AStar\tests\424.txt,9,0.12433719635009766
C:\Projects\IU\Philosophy\Assignment1-AStar\tests\425.txt,15,0.2911818027496338
C:\Projects\IU\Philosophy\Assignment1-AStar\tests\426.txt,10,0.37922000885009766
C:\Projects\IU\Philosophy\Assignment1-AStar\tests\427.txt,10,0.23186135292053223
C:\Projects\IU\Philosophy\Assignment1-AStar\tests\428.txt,13,0.2855415344238281
C:\Projects\IU\Philosophy\Assignment1-AStar\tests\429.txt,10,0.15863585472106934
C:\Projects\IU\Philosophy\Assignment1-AStar\tests\430.txt,3,0.12557458877563477
C:\Projects\IU\Philosophy\Assignment1-AStar\tests\431.txt,15,0.36260557174682617
C:\Projects\IU\Philosophy\Assignment1-AStar\tests\432.txt,-1,0.11095404624938965
C:\Projects\IU\Philosophy\Assignment1-AStar\tests\433.txt,12,0.24074840545654297
C:\Projects\IU\Philosophy\Assignment1-AStar\tests\434.txt,6,0.12789607048034668
C:\Projects\IU\Philosophy\Assignment1-AStar\tests\435.txt,5,0.11570334434509277
C:\Projects\IU\Philosophy\Assignment1-AStar\tests\436.txt,13,0.21723246574401855
C:\Projects\IU\Philosophy\Assignment1-AStar\tests\437.txt,2,0.12067151069641113
C:\Projects\IU\Philosophy\Assignment1-AStar\tests\438.txt,11,0.22266864776611328
C:\Projects\IU\Philosophy\Assignment1-AStar\tests\439.txt,8,0.1253681182861328
C:\Projects\IU\Philosophy\Assignment1-AStar\tests\440.txt,11,0.15299344062805176
C:\Projects\IU\Philosophy\Assignment1-AStar\tests\441.txt,7,0.12832975387573242
C:\Projects\IU\Philosophy\Assignment1-AStar\tests\442.txt,5,0.1301126480102539
C:\Projects\IU\Philosophy\Assignment1-AStar\tests\443.txt,10,0.20010733604431152
C:\Projects\IU\Philosophy\Assignment1-AStar\tests\444.txt,2,0.11217951774597168
C:\Projects\IU\Philosophy\Assignment1-AStar\tests\445.txt,5,0.15987753868103027
C:\Projects\IU\Philosophy\Assignment1-AStar\tests\446.txt,7,0.14601492881774902
C:\Projects\IU\Philosophy\Assignment1-AStar\tests\447.txt,13,0.26810693740844727
C:\Projects\IU\Philosophy\Assignment1-AStar\tests\448.txt,9,0.17436599731445312
C:\Projects\IU\Philosophy\Assignment1-AStar\tests\449.txt,8,0.33034753799438477
C:\Projects\IU\Philosophy\Assignment1-AStar\tests\450.txt,3,0.15250396728515625
C:\Projects\IU\Philosophy\Assignment1-AStar\tests\451.txt,6,0.12752747535705566
C:\Projects\IU\Philosophy\Assignment1-AStar\tests\452.txt,11,0.34688711166381836
C:\Projects\IU\Philosophy\Assignment1-AStar\tests\453.txt,12,0.2577848434448242
C:\Projects\IU\Philosophy\Assignment1-AStar\tests\454.txt,2,0.1177678108215332
C:\Projects\IU\Philosophy\Assignment1-AStar\tests\455.txt,10,0.23388671875
C:\Projects\IU\Philosophy\Assignment1-AStar\tests\456.txt,10,0.22757911682128906
C:\Projects\IU\Philosophy\Assignment1-AStar\tests\457.txt,16,0.2375166416168213
C:\Projects\IU\Philosophy\Assignment1-AStar\tests\458.txt,6,0.1248941421508789
C:\Projects\IU\Philosophy\Assignment1-AStar\tests\459.txt,10,0.13407039642333984
C:\Projects\IU\Philosophy\Assignment1-AStar\tests\460.txt,8,0.130751371383667
C:\Projects\IU\Philosophy\Assignment1-AStar\tests\461.txt,5,0.14122653007507324
C:\Projects\IU\Philosophy\Assignment1-AStar\tests\462.txt,6,0.15811753273010254
C:\Projects\IU\Philosophy\Assignment1-AStar\tests\463.txt,15,0.49112367630004883
C:\Projects\IU\Philosophy\Assignment1-AStar\tests\464.txt,9,0.2548024654388428
C:\Projects\IU\Philosophy\Assignment1-AStar\tests\465.txt,3,0.127427339553833
C:\Projects\IU\Philosophy\Assignment1-AStar\tests\466.txt,6,0.17472028732299805
C:\Projects\IU\Philosophy\Assignment1-AStar\tests\467.txt,15,0.47123003005981445
C:\Projects\IU\Philosophy\Assignment1-AStar\tests\468.txt,9,0.19855046272277832
C:\Projects\IU\Philosophy\Assignment1-AStar\tests\469.txt,4,0.242905855178833
C:\Projects\IU\Philosophy\Assignment1-AStar\tests\470.txt,6,0.17963171005249023
C:\Projects\IU\Philosophy\Assignment1-AStar\tests\471.txt,3,0.1759185791015625
C:\Projects\IU\Philosophy\Assignment1-AStar\tests\472.txt,14,0.41422390937805176
C:\Projects\IU\Philosophy\Assignment1-AStar\tests\473.txt,7,0.1797170639038086
C:\Projects\IU\Philosophy\Assignment1-AStar\tests\474.txt,14,0.30701208114624023
C:\Projects\IU\Philosophy\Assignment1-AStar\tests\475.txt,7,0.15326142311096191
C:\Projects\IU\Philosophy\Assignment1-AStar\tests\476.txt,10,0.19128656387329102
C:\Projects\IU\Philosophy\Assignment1-AStar\tests\477.txt,10,0.1454322338104248
C:\Projects\IU\Philosophy\Assignment1-AStar\tests\478.txt,17,0.247314453125
C:\Projects\IU\Philosophy\Assignment1-AStar\tests\479.txt,10,0.23989582061767578
C:\Projects\IU\Philosophy\Assignment1-AStar\tests\480.txt,5,0.18581485748291016
C:\Projects\IU\Philosophy\Assignment1-AStar\tests\481.txt,5,0.12191224098205566
C:\Projects\IU\Philosophy\Assignment1-AStar\tests\482.txt,9,0.19189453125
C:\Projects\IU\Philosophy\Assignment1-AStar\tests\483.txt,10,0.13396739959716797
C:\Projects\IU\Philosophy\Assignment1-AStar\tests\484.txt,4,0.1166524887084961
C:\Projects\IU\Philosophy\Assignment1-AStar\tests\485.txt,7,0.24158692359924316
C:\Projects\IU\Philosophy\Assignment1-AStar\tests\486.txt,2,0.18440651893615723
C:\Projects\IU\Philosophy\Assignment1-AStar\tests\487.txt,13,0.2831387519836426
C:\Projects\IU\Philosophy\Assignment1-AStar\tests\488.txt,14,0.2850050926208496
C:\Projects\IU\Philosophy\Assignment1-AStar\tests\489.txt,2,0.12367534637451172
C:\Projects\IU\Philosophy\Assignment1-AStar\tests\490.txt,6,0.207749605178833
C:\Projects\IU\Philosophy\Assignment1-AStar\tests\491.txt,13,0.22759079933166504
C:\Projects\IU\Philosophy\Assignment1-AStar\tests\492.txt,12,0.19256043434143066
C:\Projects\IU\Philosophy\Assignment1-AStar\tests\493.txt,6,0.12238001823425293
C:\Projects\IU\Philosophy\Assignment1-AStar\tests\494.txt,9,0.24386024475097656
C:\Projects\IU\Philosophy\Assignment1-AStar\tests\495.txt,9,0.21616053581237793
C:\Projects\IU\Philosophy\Assignment1-AStar\tests\496.txt,13,0.4416532516479492
C:\Projects\IU\Philosophy\Assignment1-AStar\tests\497.txt,10,0.4905862808227539
C:\Projects\IU\Philosophy\Assignment1-AStar\tests\498.txt,-1,0.1100919246673584
C:\Projects\IU\Philosophy\Assignment1-AStar\tests\499.txt,2,0.11544084548950195
C:\Projects\IU\Philosophy\Assignment1-AStar\tests\500.txt,4,0.11929774284362793
C:\Projects\IU\Philosophy\Assignment1-AStar\tests\501.txt,5,0.11761736869812012
C:\Projects\IU\Philosophy\Assignment1-AStar\tests\502.txt,9,0.1474447250366211
C:\Projects\IU\Philosophy\Assignment1-AStar\tests\503.txt,18,0.15204119682312012
C:\Projects\IU\Philosophy\Assignment1-AStar\tests\504.txt,7,0.12790918350219727
C:\Projects\IU\Philosophy\Assignment1-AStar\tests\505.txt,3,0.11705636978149414
C:\Projects\IU\Philosophy\Assignment1-AStar\tests\506.txt,4,0.12409496307373047
C:\Projects\IU\Philosophy\Assignment1-AStar\tests\507.txt,4,0.1672959327697754
C:\Projects\IU\Philosophy\Assignment1-AStar\tests\508.txt,11,0.2559812068939209
C:\Projects\IU\Philosophy\Assignment1-AStar\tests\509.txt,11,0.22900128364562988
C:\Projects\IU\Philosophy\Assignment1-AStar\tests\510.txt,3,0.16647720336914062
C:\Projects\IU\Philosophy\Assignment1-AStar\tests\511.txt,6,0.18013310432434082
C:\Projects\IU\Philosophy\Assignment1-AStar\tests\512.txt,7,0.14815378189086914
C:\Projects\IU\Philosophy\Assignment1-AStar\tests\513.txt,12,0.24916553497314453
C:\Projects\IU\Philosophy\Assignment1-AStar\tests\514.txt,-1,0.10741925239562988
C:\Projects\IU\Philosophy\Assignment1-AStar\tests\515.txt,4,0.11594605445861816
C:\Projects\IU\Philosophy\Assignment1-AStar\tests\516.txt,7,0.18793344497680664
C:\Projects\IU\Philosophy\Assignment1-AStar\tests\517.txt,8,0.12428164482116699
C:\Projects\IU\Philosophy\Assignment1-AStar\tests\518.txt,11,0.23315024375915527
C:\Projects\IU\Philosophy\Assignment1-AStar\tests\519.txt,9,0.22348761558532715
C:\Projects\IU\Philosophy\Assignment1-AStar\tests\520.txt,7,0.12952089309692383
C:\Projects\IU\Philosophy\Assignment1-AStar\tests\521.txt,14,0.3654212951660156
C:\Projects\IU\Philosophy\Assignment1-AStar\tests\522.txt,3,0.14206695556640625
C:\Projects\IU\Philosophy\Assignment1-AStar\tests\523.txt,6,0.21187257766723633
C:\Projects\IU\Philosophy\Assignment1-AStar\tests\524.txt,-1,0.11519312858581543
C:\Projects\IU\Philosophy\Assignment1-AStar\tests\525.txt,13,0.3144092559814453
C:\Projects\IU\Philosophy\Assignment1-AStar\tests\526.txt,9,0.2899153232574463
C:\Projects\IU\Philosophy\Assignment1-AStar\tests\527.txt,15,0.18347740173339844
C:\Projects\IU\Philosophy\Assignment1-AStar\tests\528.txt,16,0.2970426082611084
C:\Projects\IU\Philosophy\Assignment1-AStar\tests\529.txt,18,0.31531620025634766
C:\Projects\IU\Philosophy\Assignment1-AStar\tests\530.txt,7,0.18649005889892578
C:\Projects\IU\Philosophy\Assignment1-AStar\tests\531.txt,1,0.16192197799682617
C:\Projects\IU\Philosophy\Assignment1-AStar\tests\532.txt,8,0.24673199653625488
C:\Projects\IU\Philosophy\Assignment1-AStar\tests\533.txt,7,0.3261756896972656
C:\Projects\IU\Philosophy\Assignment1-AStar\tests\534.txt,6,0.17631101608276367
C:\Projects\IU\Philosophy\Assignment1-AStar\tests\535.txt,-1,0.11706972122192383
C:\Projects\IU\Philosophy\Assignment1-AStar\tests\536.txt,13,0.24188709259033203
C:\Projects\IU\Philosophy\Assignment1-AStar\tests\537.txt,-1,0.11503481864929199
C:\Projects\IU\Philosophy\Assignment1-AStar\tests\538.txt,15,0.2994532585144043
C:\Projects\IU\Philosophy\Assignment1-AStar\tests\539.txt,4,0.16523385047912598
C:\Projects\IU\Philosophy\Assignment1-AStar\tests\540.txt,8,0.16325783729553223
C:\Projects\IU\Philosophy\Assignment1-AStar\tests\541.txt,13,0.25464510917663574
C:\Projects\IU\Philosophy\Assignment1-AStar\tests\542.txt,13,0.28469038009643555
C:\Projects\IU\Philosophy\Assignment1-AStar\tests\543.txt,-1,0.11620211601257324
C:\Projects\IU\Philosophy\Assignment1-AStar\tests\544.txt,4,0.14552879333496094
C:\Projects\IU\Philosophy\Assignment1-AStar\tests\545.txt,8,0.23180317878723145
C:\Projects\IU\Philosophy\Assignment1-AStar\tests\546.txt,-1,0.11310029029846191
C:\Projects\IU\Philosophy\Assignment1-AStar\tests\547.txt,3,0.11138129234313965
C:\Projects\IU\Philosophy\Assignment1-AStar\tests\548.txt,17,0.27838802337646484
C:\Projects\IU\Philosophy\Assignment1-AStar\tests\549.txt,7,0.13719892501831055
C:\Projects\IU\Philosophy\Assignment1-AStar\tests\550.txt,9,0.14551711082458496
C:\Projects\IU\Philosophy\Assignment1-AStar\tests\551.txt,11,0.37682414054870605
C:\Projects\IU\Philosophy\Assignment1-AStar\tests\552.txt,11,0.3891632556915283
C:\Projects\IU\Philosophy\Assignment1-AStar\tests\553.txt,12,0.3432273864746094
C:\Projects\IU\Philosophy\Assignment1-AStar\tests\554.txt,2,0.12606477737426758
C:\Projects\IU\Philosophy\Assignment1-AStar\tests\555.txt,-1,0.10660052299499512
C:\Projects\IU\Philosophy\Assignment1-AStar\tests\556.txt,5,0.19553232192993164
C:\Projects\IU\Philosophy\Assignment1-AStar\tests\557.txt,10,0.17821455001831055
C:\Projects\IU\Philosophy\Assignment1-AStar\tests\558.txt,7,0.18442606925964355
C:\Projects\IU\Philosophy\Assignment1-AStar\tests\559.txt,11,0.15986227989196777
C:\Projects\IU\Philosophy\Assignment1-AStar\tests\560.txt,9,0.14121580123901367
C:\Projects\IU\Philosophy\Assignment1-AStar\tests\561.txt,16,0.19257879257202148
C:\Projects\IU\Philosophy\Assignment1-AStar\tests\562.txt,14,0.37056851387023926
C:\Projects\IU\Philosophy\Assignment1-AStar\tests\563.txt,4,0.1255943775177002
C:\Projects\IU\Philosophy\Assignment1-AStar\tests\564.txt,7,0.14254283905029297
C:\Projects\IU\Philosophy\Assignment1-AStar\tests\565.txt,5,0.1327953338623047
C:\Projects\IU\Philosophy\Assignment1-AStar\tests\566.txt,5,0.15132355690002441
C:\Projects\IU\Philosophy\Assignment1-AStar\tests\567.txt,8,0.12691068649291992
C:\Projects\IU\Philosophy\Assignment1-AStar\tests\568.txt,5,0.12225890159606934
C:\Projects\IU\Philosophy\Assignment1-AStar\tests\569.txt,-1,0.12033605575561523
C:\Projects\IU\Philosophy\Assignment1-AStar\tests\570.txt,14,0.1936037540435791
C:\Projects\IU\Philosophy\Assignment1-AStar\tests\571.txt,7,0.2594461441040039
C:\Projects\IU\Philosophy\Assignment1-AStar\tests\572.txt,2,0.11598658561706543
C:\Projects\IU\Philosophy\Assignment1-AStar\tests\573.txt,13,0.27998852729797363
C:\Projects\IU\Philosophy\Assignment1-AStar\tests\574.txt,-1,0.11536169052124023
C:\Projects\IU\Philosophy\Assignment1-AStar\tests\575.txt,5,0.14587688446044922
C:\Projects\IU\Philosophy\Assignment1-AStar\tests\576.txt,10,0.2932608127593994
C:\Projects\IU\Philosophy\Assignment1-AStar\tests\577.txt,6,0.2072899341583252
C:\Projects\IU\Philosophy\Assignment1-AStar\tests\578.txt,10,0.25466251373291016
C:\Projects\IU\Philosophy\Assignment1-AStar\tests\579.txt,4,0.22813892364501953
C:\Projects\IU\Philosophy\Assignment1-AStar\tests\580.txt,12,0.27515602111816406
C:\Projects\IU\Philosophy\Assignment1-AStar\tests\581.txt,-1,0.11109566688537598
C:\Projects\IU\Philosophy\Assignment1-AStar\tests\582.txt,7,0.11953544616699219
C:\Projects\IU\Philosophy\Assignment1-AStar\tests\583.txt,14,0.22911477088928223
C:\Projects\IU\Philosophy\Assignment1-AStar\tests\584.txt,9,0.16830015182495117
C:\Projects\IU\Philosophy\Assignment1-AStar\tests\585.txt,12,0.22641205787658691
C:\Projects\IU\Philosophy\Assignment1-AStar\tests\586.txt,4,0.1213693618774414
C:\Projects\IU\Philosophy\Assignment1-AStar\tests\587.txt,15,0.25466036796569824
C:\Projects\IU\Philosophy\Assignment1-AStar\tests\588.txt,7,0.19859910011291504
C:\Projects\IU\Philosophy\Assignment1-AStar\tests\589.txt,12,0.32153964042663574
C:\Projects\IU\Philosophy\Assignment1-AStar\tests\590.txt,1,0.11436700820922852
C:\Projects\IU\Philosophy\Assignment1-AStar\tests\591.txt,11,0.28699636459350586
C:\Projects\IU\Philosophy\Assignment1-AStar\tests\592.txt,15,0.3304581642150879
C:\Projects\IU\Philosophy\Assignment1-AStar\tests\593.txt,11,0.30220580101013184
C:\Projects\IU\Philosophy\Assignment1-AStar\tests\594.txt,9,0.2488241195678711
C:\Projects\IU\Philosophy\Assignment1-AStar\tests\595.txt,10,0.3800661563873291
C:\Projects\IU\Philosophy\Assignment1-AStar\tests\596.txt,7,0.4782578945159912
C:\Projects\IU\Philosophy\Assignment1-AStar\tests\597.txt,13,0.43686699867248535
C:\Projects\IU\Philosophy\Assignment1-AStar\tests\598.txt,12,0.3862600326538086
C:\Projects\IU\Philosophy\Assignment1-AStar\tests\599.txt,6,0.21822643280029297
C:\Projects\IU\Philosophy\Assignment1-AStar\tests\600.txt,15,0.49846434593200684
C:\Projects\IU\Philosophy\Assignment1-AStar\tests\601.txt,12,0.3203561305999756
C:\Projects\IU\Philosophy\Assignment1-AStar\tests\602.txt,-1,0.11943984031677246
C:\Projects\IU\Philosophy\Assignment1-AStar\tests\603.txt,12,0.15564918518066406
C:\Projects\IU\Philosophy\Assignment1-AStar\tests\604.txt,12,0.28295230865478516
C:\Projects\IU\Philosophy\Assignment1-AStar\tests\605.txt,8,0.28177642822265625
C:\Projects\IU\Philosophy\Assignment1-AStar\tests\606.txt,12,0.2599921226501465
C:\Projects\IU\Philosophy\Assignment1-AStar\tests\607.txt,6,0.18681001663208008
C:\Projects\IU\Philosophy\Assignment1-AStar\tests\608.txt,13,0.3403894901275635
C:\Projects\IU\Philosophy\Assignment1-AStar\tests\609.txt,8,0.34158945083618164
C:\Projects\IU\Philosophy\Assignment1-AStar\tests\610.txt,1,0.1134340763092041
C:\Projects\IU\Philosophy\Assignment1-AStar\tests\611.txt,8,0.12711739540100098
C:\Projects\IU\Philosophy\Assignment1-AStar\tests\612.txt,12,0.2934141159057617
C:\Projects\IU\Philosophy\Assignment1-AStar\tests\613.txt,8,0.20068883895874023
C:\Projects\IU\Philosophy\Assignment1-AStar\tests\614.txt,2,0.13477635383605957
C:\Projects\IU\Philosophy\Assignment1-AStar\tests\615.txt,-1,0.13873839378356934
C:\Projects\IU\Philosophy\Assignment1-AStar\tests\616.txt,12,0.2811152935028076
C:\Projects\IU\Philosophy\Assignment1-AStar\tests\617.txt,-1,0.11616206169128418
C:\Projects\IU\Philosophy\Assignment1-AStar\tests\618.txt,13,0.2481851577758789
C:\Projects\IU\Philosophy\Assignment1-AStar\tests\619.txt,13,0.32233476638793945
C:\Projects\IU\Philosophy\Assignment1-AStar\tests\620.txt,7,0.23905372619628906
C:\Projects\IU\Philosophy\Assignment1-AStar\tests\621.txt,15,0.30686426162719727
C:\Projects\IU\Philosophy\Assignment1-AStar\tests\622.txt,9,0.34003686904907227
C:\Projects\IU\Philosophy\Assignment1-AStar\tests\623.txt,15,0.15424823760986328
C:\Projects\IU\Philosophy\Assignment1-AStar\tests\624.txt,10,0.31612181663513184
C:\Projects\IU\Philosophy\Assignment1-AStar\tests\625.txt,-1,0.11133360862731934
C:\Projects\IU\Philosophy\Assignment1-AStar\tests\626.txt,14,0.4632596969604492
C:\Projects\IU\Philosophy\Assignment1-AStar\tests\627.txt,1,0.17767739295959473
C:\Projects\IU\Philosophy\Assignment1-AStar\tests\628.txt,-1,0.19036078453063965
C:\Projects\IU\Philosophy\Assignment1-AStar\tests\629.txt,6,0.4871559143066406
C:\Projects\IU\Philosophy\Assignment1-AStar\tests\630.txt,7,0.4657256603240967
C:\Projects\IU\Philosophy\Assignment1-AStar\tests\631.txt,18,0.226517915725708
C:\Projects\IU\Philosophy\Assignment1-AStar\tests\632.txt,9,0.2618710994720459
C:\Projects\IU\Philosophy\Assignment1-AStar\tests\633.txt,2,0.17938923835754395
C:\Projects\IU\Philosophy\Assignment1-AStar\tests\634.txt,9,0.1411299705505371
C:\Projects\IU\Philosophy\Assignment1-AStar\tests\635.txt,12,0.24045848846435547
C:\Projects\IU\Philosophy\Assignment1-AStar\tests\636.txt,9,0.1526947021484375
C:\Projects\IU\Philosophy\Assignment1-AStar\tests\637.txt,12,0.2611415386199951
C:\Projects\IU\Philosophy\Assignment1-AStar\tests\638.txt,6,0.1243739128112793
C:\Projects\IU\Philosophy\Assignment1-AStar\tests\639.txt,-1,0.11767387390136719
C:\Projects\IU\Philosophy\Assignment1-AStar\tests\640.txt,6,0.128387451171875
C:\Projects\IU\Philosophy\Assignment1-AStar\tests\641.txt,11,0.3134644031524658
C:\Projects\IU\Philosophy\Assignment1-AStar\tests\642.txt,2,0.11512255668640137
C:\Projects\IU\Philosophy\Assignment1-AStar\tests\643.txt,8,0.31331682205200195
C:\Projects\IU\Philosophy\Assignment1-AStar\tests\644.txt,7,0.15847206115722656
C:\Projects\IU\Philosophy\Assignment1-AStar\tests\645.txt,13,0.3810887336730957
C:\Projects\IU\Philosophy\Assignment1-AStar\tests\646.txt,8,0.17084121704101562
C:\Projects\IU\Philosophy\Assignment1-AStar\tests\647.txt,3,0.13987302780151367
C:\Projects\IU\Philosophy\Assignment1-AStar\tests\648.txt,5,0.11814069747924805
C:\Projects\IU\Philosophy\Assignment1-AStar\tests\649.txt,14,0.2247016429901123
C:\Projects\IU\Philosophy\Assignment1-AStar\tests\650.txt,4,0.1400458812713623
C:\Projects\IU\Philosophy\Assignment1-AStar\tests\651.txt,4,0.1431436538696289
C:\Projects\IU\Philosophy\Assignment1-AStar\tests\652.txt,9,0.14234399795532227
C:\Projects\IU\Philosophy\Assignment1-AStar\tests\653.txt,-1,0.25634336471557617
C:\Projects\IU\Philosophy\Assignment1-AStar\tests\654.txt,9,0.3083493709564209
C:\Projects\IU\Philosophy\Assignment1-AStar\tests\655.txt,1,0.1684889793395996
C:\Projects\IU\Philosophy\Assignment1-AStar\tests\656.txt,15,0.29715418815612793
C:\Projects\IU\Philosophy\Assignment1-AStar\tests\657.txt,11,0.20854663848876953
C:\Projects\IU\Philosophy\Assignment1-AStar\tests\658.txt,8,0.24190831184387207
C:\Projects\IU\Philosophy\Assignment1-AStar\tests\659.txt,10,0.34499430656433105
C:\Projects\IU\Philosophy\Assignment1-AStar\tests\660.txt,10,0.19309639930725098
C:\Projects\IU\Philosophy\Assignment1-AStar\tests\661.txt,8,0.2653326988220215
C:\Projects\IU\Philosophy\Assignment1-AStar\tests\662.txt,6,0.15415334701538086
C:\Projects\IU\Philosophy\Assignment1-AStar\tests\663.txt,1,0.11259913444519043
C:\Projects\IU\Philosophy\Assignment1-AStar\tests\664.txt,9,0.24155068397521973
C:\Projects\IU\Philosophy\Assignment1-AStar\tests\665.txt,7,0.2135941982269287
C:\Projects\IU\Philosophy\Assignment1-AStar\tests\666.txt,10,0.19091582298278809
C:\Projects\IU\Philosophy\Assignment1-AStar\tests\667.txt,8,0.12833333015441895
C:\Projects\IU\Philosophy\Assignment1-AStar\tests\668.txt,17,0.27995944023132324
C:\Projects\IU\Philosophy\Assignment1-AStar\tests\669.txt,5,0.2116701602935791
C:\Projects\IU\Philosophy\Assignment1-AStar\tests\670.txt,5,0.22621655464172363
C:\Projects\IU\Philosophy\Assignment1-AStar\tests\671.txt,5,0.15276455879211426
C:\Projects\IU\Philosophy\Assignment1-AStar\tests\672.txt,5,0.2825624942779541
C:\Projects\IU\Philosophy\Assignment1-AStar\tests\673.txt,11,0.22025156021118164
C:\Projects\IU\Philosophy\Assignment1-AStar\tests\674.txt,7,0.14727425575256348
C:\Projects\IU\Philosophy\Assignment1-AStar\tests\675.txt,4,0.1366424560546875
C:\Projects\IU\Philosophy\Assignment1-AStar\tests\676.txt,11,0.18651509284973145
C:\Projects\IU\Philosophy\Assignment1-AStar\tests\677.txt,9,0.2136859893798828
C:\Projects\IU\Philosophy\Assignment1-AStar\tests\678.txt,11,0.18012332916259766
C:\Projects\IU\Philosophy\Assignment1-AStar\tests\679.txt,1,0.11870598793029785
C:\Projects\IU\Philosophy\Assignment1-AStar\tests\680.txt,11,0.27565693855285645
C:\Projects\IU\Philosophy\Assignment1-AStar\tests\681.txt,4,0.13976645469665527
C:\Projects\IU\Philosophy\Assignment1-AStar\tests\682.txt,-1,0.1109766960144043
C:\Projects\IU\Philosophy\Assignment1-AStar\tests\683.txt,3,0.11775708198547363
C:\Projects\IU\Philosophy\Assignment1-AStar\tests\684.txt,13,0.18483328819274902
C:\Projects\IU\Philosophy\Assignment1-AStar\tests\685.txt,14,0.2873499393463135
C:\Projects\IU\Philosophy\Assignment1-AStar\tests\686.txt,5,0.20626235008239746
C:\Projects\IU\Philosophy\Assignment1-AStar\tests\687.txt,8,0.21182513236999512
C:\Projects\IU\Philosophy\Assignment1-AStar\tests\688.txt,10,0.3494546413421631
C:\Projects\IU\Philosophy\Assignment1-AStar\tests\689.txt,6,0.18257617950439453
C:\Projects\IU\Philosophy\Assignment1-AStar\tests\690.txt,1,0.110260009765625
C:\Projects\IU\Philosophy\Assignment1-AStar\tests\691.txt,2,0.17520570755004883
C:\Projects\IU\Philosophy\Assignment1-AStar\tests\692.txt,-1,0.10918736457824707
C:\Projects\IU\Philosophy\Assignment1-AStar\tests\693.txt,-1,0.31267595291137695
C:\Projects\IU\Philosophy\Assignment1-AStar\tests\694.txt,15,0.2902967929840088
C:\Projects\IU\Philosophy\Assignment1-AStar\tests\695.txt,-1,0.12079215049743652
C:\Projects\IU\Philosophy\Assignment1-AStar\tests\696.txt,8,0.15518546104431152
C:\Projects\IU\Philosophy\Assignment1-AStar\tests\697.txt,-1,0.12349748611450195
C:\Projects\IU\Philosophy\Assignment1-AStar\tests\698.txt,1,0.11505389213562012
C:\Projects\IU\Philosophy\Assignment1-AStar\tests\699.txt,8,0.25189995765686035
C:\Projects\IU\Philosophy\Assignment1-AStar\tests\700.txt,13,0.35173583030700684
C:\Projects\IU\Philosophy\Assignment1-AStar\tests\701.txt,9,0.28516507148742676
C:\Projects\IU\Philosophy\Assignment1-AStar\tests\702.txt,6,0.1786363124847412
C:\Projects\IU\Philosophy\Assignment1-AStar\tests\703.txt,11,0.24160265922546387
C:\Projects\IU\Philosophy\Assignment1-AStar\tests\704.txt,11,0.25451183319091797
C:\Projects\IU\Philosophy\Assignment1-AStar\tests\705.txt,13,0.2946906089782715
C:\Projects\IU\Philosophy\Assignment1-AStar\tests\706.txt,8,0.1524827480316162
C:\Projects\IU\Philosophy\Assignment1-AStar\tests\707.txt,7,0.24271464347839355
C:\Projects\IU\Philosophy\Assignment1-AStar\tests\708.txt,9,0.134324312210083
C:\Projects\IU\Philosophy\Assignment1-AStar\tests\709.txt,9,0.25446462631225586
C:\Projects\IU\Philosophy\Assignment1-AStar\tests\710.txt,-1,0.10814309120178223
C:\Projects\IU\Philosophy\Assignment1-AStar\tests\711.txt,11,0.35189151763916016
C:\Projects\IU\Philosophy\Assignment1-AStar\tests\712.txt,4,0.15485525131225586
C:\Projects\IU\Philosophy\Assignment1-AStar\tests\713.txt,-1,0.11368417739868164
C:\Projects\IU\Philosophy\Assignment1-AStar\tests\714.txt,9,0.37656331062316895
C:\Projects\IU\Philosophy\Assignment1-AStar\tests\715.txt,1,0.26392030715942383
C:\Projects\IU\Philosophy\Assignment1-AStar\tests\716.txt,-1,0.11250519752502441
C:\Projects\IU\Philosophy\Assignment1-AStar\tests\717.txt,15,0.28533458709716797
C:\Projects\IU\Philosophy\Assignment1-AStar\tests\718.txt,1,0.13392090797424316
C:\Projects\IU\Philosophy\Assignment1-AStar\tests\719.txt,7,0.1573939323425293
C:\Projects\IU\Philosophy\Assignment1-AStar\tests\720.txt,-1,0.1786031723022461
C:\Projects\IU\Philosophy\Assignment1-AStar\tests\721.txt,2,0.11766314506530762
C:\Projects\IU\Philosophy\Assignment1-AStar\tests\722.txt,15,0.21098828315734863
C:\Projects\IU\Philosophy\Assignment1-AStar\tests\723.txt,1,0.21771907806396484
C:\Projects\IU\Philosophy\Assignment1-AStar\tests\724.txt,12,0.20161986351013184
C:\Projects\IU\Philosophy\Assignment1-AStar\tests\725.txt,13,0.4461846351623535
C:\Projects\IU\Philosophy\Assignment1-AStar\tests\726.txt,5,0.12493181228637695
C:\Projects\IU\Philosophy\Assignment1-AStar\tests\727.txt,2,0.17532801628112793
C:\Projects\IU\Philosophy\Assignment1-AStar\tests\728.txt,7,0.15135669708251953
C:\Projects\IU\Philosophy\Assignment1-AStar\tests\729.txt,4,0.12074017524719238
C:\Projects\IU\Philosophy\Assignment1-AStar\tests\730.txt,5,0.12735295295715332
C:\Projects\IU\Philosophy\Assignment1-AStar\tests\731.txt,16,0.3400723934173584
C:\Projects\IU\Philosophy\Assignment1-AStar\tests\732.txt,12,0.195173978805542
C:\Projects\IU\Philosophy\Assignment1-AStar\tests\733.txt,14,0.26584649085998535
C:\Projects\IU\Philosophy\Assignment1-AStar\tests\734.txt,7,0.1553201675415039
C:\Projects\IU\Philosophy\Assignment1-AStar\tests\735.txt,6,0.24696660041809082
C:\Projects\IU\Philosophy\Assignment1-AStar\tests\736.txt,5,0.17081737518310547
C:\Projects\IU\Philosophy\Assignment1-AStar\tests\737.txt,5,0.14452290534973145
C:\Projects\IU\Philosophy\Assignment1-AStar\tests\738.txt,4,0.11624288558959961
C:\Projects\IU\Philosophy\Assignment1-AStar\tests\739.txt,5,0.14062976837158203
C:\Projects\IU\Philosophy\Assignment1-AStar\tests\740.txt,6,0.24693799018859863
C:\Projects\IU\Philosophy\Assignment1-AStar\tests\741.txt,10,0.19235992431640625
C:\Projects\IU\Philosophy\Assignment1-AStar\tests\742.txt,-1,0.12092781066894531
C:\Projects\IU\Philosophy\Assignment1-AStar\tests\743.txt,8,0.14752483367919922
C:\Projects\IU\Philosophy\Assignment1-AStar\tests\744.txt,1,0.11028814315795898
C:\Projects\IU\Philosophy\Assignment1-AStar\tests\745.txt,10,0.22366714477539062
C:\Projects\IU\Philosophy\Assignment1-AStar\tests\746.txt,8,0.28391122817993164
C:\Projects\IU\Philosophy\Assignment1-AStar\tests\747.txt,1,0.14371919631958008
C:\Projects\IU\Philosophy\Assignment1-AStar\tests\748.txt,16,0.3181190490722656
C:\Projects\IU\Philosophy\Assignment1-AStar\tests\749.txt,5,0.1849992275238037
C:\Projects\IU\Philosophy\Assignment1-AStar\tests\750.txt,8,0.19435453414916992
C:\Projects\IU\Philosophy\Assignment1-AStar\tests\751.txt,4,0.13205504417419434
C:\Projects\IU\Philosophy\Assignment1-AStar\tests\752.txt,6,0.27072930335998535
C:\Projects\IU\Philosophy\Assignment1-AStar\tests\753.txt,4,0.2028510570526123
C:\Projects\IU\Philosophy\Assignment1-AStar\tests\754.txt,14,0.2586205005645752
C:\Projects\IU\Philosophy\Assignment1-AStar\tests\755.txt,-1,0.1158146858215332
C:\Projects\IU\Philosophy\Assignment1-AStar\tests\756.txt,11,0.20383119583129883
C:\Projects\IU\Philosophy\Assignment1-AStar\tests\757.txt,14,0.4154202938079834
C:\Projects\IU\Philosophy\Assignment1-AStar\tests\758.txt,1,0.11528921127319336
C:\Projects\IU\Philosophy\Assignment1-AStar\tests\759.txt,7,0.12891340255737305
C:\Projects\IU\Philosophy\Assignment1-AStar\tests\760.txt,5,0.12047004699707031
C:\Projects\IU\Philosophy\Assignment1-AStar\tests\761.txt,-1,0.11007285118103027
C:\Projects\IU\Philosophy\Assignment1-AStar\tests\762.txt,5,0.1522383689880371
C:\Projects\IU\Philosophy\Assignment1-AStar\tests\763.txt,12,0.28889894485473633
C:\Projects\IU\Philosophy\Assignment1-AStar\tests\764.txt,14,0.39771509170532227
C:\Projects\IU\Philosophy\Assignment1-AStar\tests\765.txt,-1,0.11303520202636719
C:\Projects\IU\Philosophy\Assignment1-AStar\tests\766.txt,-1,0.11266088485717773
C:\Projects\IU\Philosophy\Assignment1-AStar\tests\767.txt,-1,0.11079740524291992
C:\Projects\IU\Philosophy\Assignment1-AStar\tests\768.txt,4,0.15903902053833008
C:\Projects\IU\Philosophy\Assignment1-AStar\tests\769.txt,12,0.35260868072509766
C:\Projects\IU\Philosophy\Assignment1-AStar\tests\770.txt,7,0.13408160209655762
C:\Projects\IU\Philosophy\Assignment1-AStar\tests\771.txt,3,0.14285063743591309
C:\Projects\IU\Philosophy\Assignment1-AStar\tests\772.txt,14,0.46860456466674805
C:\Projects\IU\Philosophy\Assignment1-AStar\tests\773.txt,7,0.31688761711120605
C:\Projects\IU\Philosophy\Assignment1-AStar\tests\774.txt,6,0.14531421661376953
C:\Projects\IU\Philosophy\Assignment1-AStar\tests\775.txt,14,0.3386576175689697
C:\Projects\IU\Philosophy\Assignment1-AStar\tests\776.txt,5,0.13434267044067383
C:\Projects\IU\Philosophy\Assignment1-AStar\tests\777.txt,7,0.1232140064239502
C:\Projects\IU\Philosophy\Assignment1-AStar\tests\778.txt,5,0.1976480484008789
C:\Projects\IU\Philosophy\Assignment1-AStar\tests\779.txt,7,0.318603515625
C:\Projects\IU\Philosophy\Assignment1-AStar\tests\780.txt,-1,0.10633969306945801
C:\Projects\IU\Philosophy\Assignment1-AStar\tests\781.txt,8,0.32134556770324707
C:\Projects\IU\Philosophy\Assignment1-AStar\tests\782.txt,8,0.21811413764953613
C:\Projects\IU\Philosophy\Assignment1-AStar\tests\783.txt,6,0.18718671798706055
C:\Projects\IU\Philosophy\Assignment1-AStar\tests\784.txt,3,0.12246918678283691
C:\Projects\IU\Philosophy\Assignment1-AStar\tests\785.txt,2,0.19292783737182617
C:\Projects\IU\Philosophy\Assignment1-AStar\tests\786.txt,-1,0.11836957931518555
C:\Projects\IU\Philosophy\Assignment1-AStar\tests\787.txt,9,0.3706648349761963
C:\Projects\IU\Philosophy\Assignment1-AStar\tests\788.txt,-1,0.11716055870056152
C:\Projects\IU\Philosophy\Assignment1-AStar\tests\789.txt,14,0.34599757194519043
C:\Projects\IU\Philosophy\Assignment1-AStar\tests\790.txt,6,0.12172484397888184
C:\Projects\IU\Philosophy\Assignment1-AStar\tests\791.txt,10,0.21050429344177246
C:\Projects\IU\Philosophy\Assignment1-AStar\tests\792.txt,6,0.1618034839630127
C:\Projects\IU\Philosophy\Assignment1-AStar\tests\793.txt,-1,0.13876795768737793
C:\Projects\IU\Philosophy\Assignment1-AStar\tests\794.txt,5,0.12299346923828125
C:\Projects\IU\Philosophy\Assignment1-AStar\tests\795.txt,7,0.13203144073486328
C:\Projects\IU\Philosophy\Assignment1-AStar\tests\796.txt,2,0.18871712684631348
C:\Projects\IU\Philosophy\Assignment1-AStar\tests\797.txt,6,0.12792205810546875
C:\Projects\IU\Philosophy\Assignment1-AStar\tests\798.txt,4,0.1598796844482422
C:\Projects\IU\Philosophy\Assignment1-AStar\tests\799.txt,6,0.12108802795410156
C:\Projects\IU\Philosophy\Assignment1-AStar\tests\800.txt,8,0.16075634956359863
C:\Projects\IU\Philosophy\Assignment1-AStar\tests\801.txt,13,0.2749769687652588
C:\Projects\IU\Philosophy\Assignment1-AStar\tests\802.txt,15,0.24018096923828125
C:\Projects\IU\Philosophy\Assignment1-AStar\tests\803.txt,8,0.14171767234802246
C:\Projects\IU\Philosophy\Assignment1-AStar\tests\804.txt,6,0.22014927864074707
C:\Projects\IU\Philosophy\Assignment1-AStar\tests\805.txt,6,0.30376553535461426
C:\Projects\IU\Philosophy\Assignment1-AStar\tests\806.txt,4,0.2032613754272461
C:\Projects\IU\Philosophy\Assignment1-AStar\tests\807.txt,6,0.18583345413208008
C:\Projects\IU\Philosophy\Assignment1-AStar\tests\808.txt,8,0.16112375259399414
C:\Projects\IU\Philosophy\Assignment1-AStar\tests\809.txt,9,0.12842154502868652
C:\Projects\IU\Philosophy\Assignment1-AStar\tests\810.txt,14,0.2322251796722412
C:\Projects\IU\Philosophy\Assignment1-AStar\tests\811.txt,13,0.21488237380981445
C:\Projects\IU\Philosophy\Assignment1-AStar\tests\812.txt,13,0.22540974617004395
C:\Projects\IU\Philosophy\Assignment1-AStar\tests\813.txt,4,0.11553215980529785
C:\Projects\IU\Philosophy\Assignment1-AStar\tests\814.txt,6,0.1800827980041504
C:\Projects\IU\Philosophy\Assignment1-AStar\tests\815.txt,-1,0.17564034461975098
C:\Projects\IU\Philosophy\Assignment1-AStar\tests\816.txt,13,0.30773043632507324
C:\Projects\IU\Philosophy\Assignment1-AStar\tests\817.txt,9,1.417297124862671
C:\Projects\IU\Philosophy\Assignment1-AStar\tests\818.txt,14,0.470294713973999
C:\Projects\IU\Philosophy\Assignment1-AStar\tests\819.txt,2,0.1568150520324707
C:\Projects\IU\Philosophy\Assignment1-AStar\tests\820.txt,16,0.27596235275268555
C:\Projects\IU\Philosophy\Assignment1-AStar\tests\821.txt,6,0.3399374485015869
C:\Projects\IU\Philosophy\Assignment1-AStar\tests\822.txt,7,0.18280911445617676
C:\Projects\IU\Philosophy\Assignment1-AStar\tests\823.txt,11,0.21755599975585938
C:\Projects\IU\Philosophy\Assignment1-AStar\tests\824.txt,5,0.23608064651489258
C:\Projects\IU\Philosophy\Assignment1-AStar\tests\825.txt,2,0.14259982109069824
C:\Projects\IU\Philosophy\Assignment1-AStar\tests\826.txt,5,0.2608935832977295
C:\Projects\IU\Philosophy\Assignment1-AStar\tests\827.txt,14,0.2869231700897217
C:\Projects\IU\Philosophy\Assignment1-AStar\tests\828.txt,10,0.19191956520080566
C:\Projects\IU\Philosophy\Assignment1-AStar\tests\829.txt,12,0.38959312438964844
C:\Projects\IU\Philosophy\Assignment1-AStar\tests\830.txt,8,0.2148888111114502
C:\Projects\IU\Philosophy\Assignment1-AStar\tests\831.txt,13,0.3217613697052002
C:\Projects\IU\Philosophy\Assignment1-AStar\tests\832.txt,4,0.15071654319763184
C:\Projects\IU\Philosophy\Assignment1-AStar\tests\833.txt,4,0.1949009895324707
C:\Projects\IU\Philosophy\Assignment1-AStar\tests\834.txt,15,0.26444315910339355
C:\Projects\IU\Philosophy\Assignment1-AStar\tests\835.txt,9,0.20845365524291992
C:\Projects\IU\Philosophy\Assignment1-AStar\tests\836.txt,13,0.3609437942504883
C:\Projects\IU\Philosophy\Assignment1-AStar\tests\837.txt,14,0.33252668380737305
C:\Projects\IU\Philosophy\Assignment1-AStar\tests\838.txt,4,0.26053905487060547
C:\Projects\IU\Philosophy\Assignment1-AStar\tests\839.txt,13,0.24798870086669922
C:\Projects\IU\Philosophy\Assignment1-AStar\tests\840.txt,13,0.2696568965911865
C:\Projects\IU\Philosophy\Assignment1-AStar\tests\841.txt,11,0.15842437744140625
C:\Projects\IU\Philosophy\Assignment1-AStar\tests\842.txt,10,0.26839733123779297
C:\Projects\IU\Philosophy\Assignment1-AStar\tests\843.txt,-1,0.11343169212341309
C:\Projects\IU\Philosophy\Assignment1-AStar\tests\844.txt,9,0.12897372245788574
C:\Projects\IU\Philosophy\Assignment1-AStar\tests\845.txt,5,0.11094474792480469
C:\Projects\IU\Philosophy\Assignment1-AStar\tests\846.txt,12,0.3282756805419922
C:\Projects\IU\Philosophy\Assignment1-AStar\tests\847.txt,5,0.11585283279418945
C:\Projects\IU\Philosophy\Assignment1-AStar\tests\848.txt,8,0.18901705741882324
C:\Projects\IU\Philosophy\Assignment1-AStar\tests\849.txt,13,0.2256941795349121
C:\Projects\IU\Philosophy\Assignment1-AStar\tests\850.txt,12,0.27275919914245605
C:\Projects\IU\Philosophy\Assignment1-AStar\tests\851.txt,8,0.14434003829956055
C:\Projects\IU\Philosophy\Assignment1-AStar\tests\852.txt,15,0.20222139358520508
C:\Projects\IU\Philosophy\Assignment1-AStar\tests\853.txt,5,0.2764699459075928
C:\Projects\IU\Philosophy\Assignment1-AStar\tests\854.txt,6,0.12500691413879395
C:\Projects\IU\Philosophy\Assignment1-AStar\tests\855.txt,8,0.23150372505187988
C:\Projects\IU\Philosophy\Assignment1-AStar\tests\856.txt,5,0.11731481552124023
C:\Projects\IU\Philosophy\Assignment1-AStar\tests\857.txt,12,0.24249625205993652
C:\Projects\IU\Philosophy\Assignment1-AStar\tests\858.txt,-1,0.10863971710205078
C:\Projects\IU\Philosophy\Assignment1-AStar\tests\859.txt,9,0.1571493148803711
C:\Projects\IU\Philosophy\Assignment1-AStar\tests\860.txt,5,0.1190958023071289
C:\Projects\IU\Philosophy\Assignment1-AStar\tests\861.txt,12,0.29545164108276367
C:\Projects\IU\Philosophy\Assignment1-AStar\tests\862.txt,-1,0.1137855052947998
C:\Projects\IU\Philosophy\Assignment1-AStar\tests\863.txt,3,0.11967778205871582
C:\Projects\IU\Philosophy\Assignment1-AStar\tests\864.txt,-1,0.11445784568786621
C:\Projects\IU\Philosophy\Assignment1-AStar\tests\865.txt,13,0.280393123626709
C:\Projects\IU\Philosophy\Assignment1-AStar\tests\866.txt,-1,0.11267852783203125
C:\Projects\IU\Philosophy\Assignment1-AStar\tests\867.txt,14,0.276761531829834
C:\Projects\IU\Philosophy\Assignment1-AStar\tests\868.txt,12,0.24831199645996094
C:\Projects\IU\Philosophy\Assignment1-AStar\tests\869.txt,6,0.13763666152954102
C:\Projects\IU\Philosophy\Assignment1-AStar\tests\870.txt,6,0.19704174995422363
C:\Projects\IU\Philosophy\Assignment1-AStar\tests\871.txt,2,0.15096187591552734
C:\Projects\IU\Philosophy\Assignment1-AStar\tests\872.txt,2,0.11533975601196289
C:\Projects\IU\Philosophy\Assignment1-AStar\tests\873.txt,12,0.24620938301086426
C:\Projects\IU\Philosophy\Assignment1-AStar\tests\874.txt,11,0.2030317783355713
C:\Projects\IU\Philosophy\Assignment1-AStar\tests\875.txt,14,0.30254554748535156
C:\Projects\IU\Philosophy\Assignment1-AStar\tests\876.txt,9,0.3079104423522949
C:\Projects\IU\Philosophy\Assignment1-AStar\tests\877.txt,13,0.3337135314941406
C:\Projects\IU\Philosophy\Assignment1-AStar\tests\878.txt,11,0.22950196266174316
C:\Projects\IU\Philosophy\Assignment1-AStar\tests\879.txt,7,0.4317350387573242
C:\Projects\IU\Philosophy\Assignment1-AStar\tests\880.txt,5,0.12764644622802734
C:\Projects\IU\Philosophy\Assignment1-AStar\tests\881.txt,3,0.409517765045166
C:\Projects\IU\Philosophy\Assignment1-AStar\tests\882.txt,14,0.3501429557800293
C:\Projects\IU\Philosophy\Assignment1-AStar\tests\883.txt,7,0.13670635223388672
C:\Projects\IU\Philosophy\Assignment1-AStar\tests\884.txt,9,0.14679622650146484
C:\Projects\IU\Philosophy\Assignment1-AStar\tests\885.txt,9,0.2167208194732666
C:\Projects\IU\Philosophy\Assignment1-AStar\tests\886.txt,8,0.20665240287780762
C:\Projects\IU\Philosophy\Assignment1-AStar\tests\887.txt,-1,0.11694669723510742
C:\Projects\IU\Philosophy\Assignment1-AStar\tests\888.txt,5,0.1279008388519287
C:\Projects\IU\Philosophy\Assignment1-AStar\tests\889.txt,11,0.2865300178527832
C:\Projects\IU\Philosophy\Assignment1-AStar\tests\890.txt,14,0.3410773277282715
C:\Projects\IU\Philosophy\Assignment1-AStar\tests\891.txt,5,0.12953972816467285
C:\Projects\IU\Philosophy\Assignment1-AStar\tests\892.txt,4,0.11559414863586426
C:\Projects\IU\Philosophy\Assignment1-AStar\tests\893.txt,6,0.11467838287353516
C:\Projects\IU\Philosophy\Assignment1-AStar\tests\894.txt,13,0.22456121444702148
C:\Projects\IU\Philosophy\Assignment1-AStar\tests\895.txt,15,0.3994874954223633
C:\Projects\IU\Philosophy\Assignment1-AStar\tests\896.txt,15,0.37721991539001465
C:\Projects\IU\Philosophy\Assignment1-AStar\tests\897.txt,10,0.2616119384765625
C:\Projects\IU\Philosophy\Assignment1-AStar\tests\898.txt,1,0.11872005462646484
C:\Projects\IU\Philosophy\Assignment1-AStar\tests\899.txt,-1,0.132185697555542
C:\Projects\IU\Philosophy\Assignment1-AStar\tests\900.txt,14,0.3511941432952881
C:\Projects\IU\Philosophy\Assignment1-AStar\tests\901.txt,6,0.21651554107666016
C:\Projects\IU\Philosophy\Assignment1-AStar\tests\902.txt,15,0.27693724632263184
C:\Projects\IU\Philosophy\Assignment1-AStar\tests\903.txt,8,0.1578207015991211
C:\Projects\IU\Philosophy\Assignment1-AStar\tests\904.txt,13,0.19567131996154785
C:\Projects\IU\Philosophy\Assignment1-AStar\tests\905.txt,6,0.12124180793762207
C:\Projects\IU\Philosophy\Assignment1-AStar\tests\906.txt,9,0.23409128189086914
C:\Projects\IU\Philosophy\Assignment1-AStar\tests\907.txt,5,0.12782597541809082
C:\Projects\IU\Philosophy\Assignment1-AStar\tests\908.txt,16,0.37023138999938965
C:\Projects\IU\Philosophy\Assignment1-AStar\tests\909.txt,14,0.3200266361236572
C:\Projects\IU\Philosophy\Assignment1-AStar\tests\910.txt,7,0.12133407592773438
C:\Projects\IU\Philosophy\Assignment1-AStar\tests\911.txt,9,0.3682849407196045
C:\Projects\IU\Philosophy\Assignment1-AStar\tests\912.txt,14,0.19378423690795898
C:\Projects\IU\Philosophy\Assignment1-AStar\tests\913.txt,1,0.11068534851074219
C:\Projects\IU\Philosophy\Assignment1-AStar\tests\914.txt,7,0.14276933670043945
C:\Projects\IU\Philosophy\Assignment1-AStar\tests\915.txt,12,0.16476106643676758
C:\Projects\IU\Philosophy\Assignment1-AStar\tests\916.txt,9,0.19284319877624512
C:\Projects\IU\Philosophy\Assignment1-AStar\tests\917.txt,7,0.13702106475830078
C:\Projects\IU\Philosophy\Assignment1-AStar\tests\918.txt,3,0.14474987983703613
C:\Projects\IU\Philosophy\Assignment1-AStar\tests\919.txt,9,0.12742829322814941
C:\Projects\IU\Philosophy\Assignment1-AStar\tests\920.txt,6,0.12957429885864258
C:\Projects\IU\Philosophy\Assignment1-AStar\tests\921.txt,6,0.13537311553955078
C:\Projects\IU\Philosophy\Assignment1-AStar\tests\922.txt,7,0.1222834587097168
C:\Projects\IU\Philosophy\Assignment1-AStar\tests\923.txt,11,0.1426534652709961
C:\Projects\IU\Philosophy\Assignment1-AStar\tests\924.txt,13,0.24477791786193848
C:\Projects\IU\Philosophy\Assignment1-AStar\tests\925.txt,-1,0.11922216415405273
C:\Projects\IU\Philosophy\Assignment1-AStar\tests\926.txt,-1,0.11232638359069824
C:\Projects\IU\Philosophy\Assignment1-AStar\tests\927.txt,1,0.11806488037109375
C:\Projects\IU\Philosophy\Assignment1-AStar\tests\928.txt,6,0.23506617546081543
C:\Projects\IU\Philosophy\Assignment1-AStar\tests\929.txt,13,0.2375326156616211
C:\Projects\IU\Philosophy\Assignment1-AStar\tests\930.txt,11,0.23370671272277832
C:\Projects\IU\Philosophy\Assignment1-AStar\tests\931.txt,8,0.16187334060668945
C:\Projects\IU\Philosophy\Assignment1-AStar\tests\932.txt,11,0.22001886367797852
C:\Projects\IU\Philosophy\Assignment1-AStar\tests\933.txt,11,0.20515203475952148
C:\Projects\IU\Philosophy\Assignment1-AStar\tests\934.txt,7,0.12624120712280273
C:\Projects\IU\Philosophy\Assignment1-AStar\tests\935.txt,-1,0.1172175407409668
C:\Projects\IU\Philosophy\Assignment1-AStar\tests\936.txt,15,0.38692760467529297
C:\Projects\IU\Philosophy\Assignment1-AStar\tests\937.txt,16,0.2916855812072754
C:\Projects\IU\Philosophy\Assignment1-AStar\tests\938.txt,4,0.11633801460266113
C:\Projects\IU\Philosophy\Assignment1-AStar\tests\939.txt,4,0.13288211822509766
C:\Projects\IU\Philosophy\Assignment1-AStar\tests\940.txt,10,0.16284561157226562
C:\Projects\IU\Philosophy\Assignment1-AStar\tests\941.txt,7,0.13261890411376953
C:\Projects\IU\Philosophy\Assignment1-AStar\tests\942.txt,12,0.41364026069641113
C:\Projects\IU\Philosophy\Assignment1-AStar\tests\943.txt,11,0.23395538330078125
C:\Projects\IU\Philosophy\Assignment1-AStar\tests\944.txt,1,0.11164641380310059
C:\Projects\IU\Philosophy\Assignment1-AStar\tests\945.txt,9,0.20254206657409668
C:\Projects\IU\Philosophy\Assignment1-AStar\tests\946.txt,3,0.12971782684326172
C:\Projects\IU\Philosophy\Assignment1-AStar\tests\947.txt,3,0.16588568687438965
C:\Projects\IU\Philosophy\Assignment1-AStar\tests\948.txt,6,0.1262214183807373
C:\Projects\IU\Philosophy\Assignment1-AStar\tests\949.txt,-1,0.11167478561401367
C:\Projects\IU\Philosophy\Assignment1-AStar\tests\950.txt,-1,0.11155343055725098
C:\Projects\IU\Philosophy\Assignment1-AStar\tests\951.txt,2,0.12136960029602051
C:\Projects\IU\Philosophy\Assignment1-AStar\tests\952.txt,7,0.1905660629272461
C:\Projects\IU\Philosophy\Assignment1-AStar\tests\953.txt,2,0.21915245056152344
C:\Projects\IU\Philosophy\Assignment1-AStar\tests\954.txt,12,0.287090539932251
C:\Projects\IU\Philosophy\Assignment1-AStar\tests\955.txt,10,0.2384955883026123
C:\Projects\IU\Philosophy\Assignment1-AStar\tests\956.txt,7,0.27198171615600586
C:\Projects\IU\Philosophy\Assignment1-AStar\tests\957.txt,16,0.2835414409637451
C:\Projects\IU\Philosophy\Assignment1-AStar\tests\958.txt,-1,0.1117856502532959
C:\Projects\IU\Philosophy\Assignment1-AStar\tests\959.txt,5,0.19513249397277832
C:\Projects\IU\Philosophy\Assignment1-AStar\tests\960.txt,12,0.2618222236633301
C:\Projects\IU\Philosophy\Assignment1-AStar\tests\961.txt,2,0.11094951629638672
C:\Projects\IU\Philosophy\Assignment1-AStar\tests\962.txt,4,0.12302541732788086
C:\Projects\IU\Philosophy\Assignment1-AStar\tests\963.txt,6,0.11939144134521484
C:\Projects\IU\Philosophy\Assignment1-AStar\tests\964.txt,11,0.226668119430542
C:\Projects\IU\Philosophy\Assignment1-AStar\tests\965.txt,10,0.33881378173828125
C:\Projects\IU\Philosophy\Assignment1-AStar\tests\966.txt,6,0.26601672172546387
C:\Projects\IU\Philosophy\Assignment1-AStar\tests\967.txt,7,0.34919309616088867
C:\Projects\IU\Philosophy\Assignment1-AStar\tests\968.txt,8,0.22754168510437012
C:\Projects\IU\Philosophy\Assignment1-AStar\tests\969.txt,15,0.40648961067199707
C:\Projects\IU\Philosophy\Assignment1-AStar\tests\970.txt,8,0.13412070274353027
C:\Projects\IU\Philosophy\Assignment1-AStar\tests\971.txt,6,0.11911463737487793
C:\Projects\IU\Philosophy\Assignment1-AStar\tests\972.txt,1,0.12195253372192383
C:\Projects\IU\Philosophy\Assignment1-AStar\tests\973.txt,6,0.12635397911071777
C:\Projects\IU\Philosophy\Assignment1-AStar\tests\974.txt,10,0.3183467388153076
C:\Projects\IU\Philosophy\Assignment1-AStar\tests\975.txt,3,0.22077536582946777
C:\Projects\IU\Philosophy\Assignment1-AStar\tests\976.txt,11,0.16802096366882324
C:\Projects\IU\Philosophy\Assignment1-AStar\tests\977.txt,-1,0.1130988597869873
C:\Projects\IU\Philosophy\Assignment1-AStar\tests\978.txt,9,0.17241334915161133
C:\Projects\IU\Philosophy\Assignment1-AStar\tests\979.txt,3,0.11261391639709473
C:\Projects\IU\Philosophy\Assignment1-AStar\tests\980.txt,10,0.19046807289123535
C:\Projects\IU\Philosophy\Assignment1-AStar\tests\981.txt,8,0.1464982032775879
C:\Projects\IU\Philosophy\Assignment1-AStar\tests\982.txt,15,0.3383946418762207
C:\Projects\IU\Philosophy\Assignment1-AStar\tests\983.txt,10,0.19412589073181152
C:\Projects\IU\Philosophy\Assignment1-AStar\tests\984.txt,8,0.2938718795776367
C:\Projects\IU\Philosophy\Assignment1-AStar\tests\985.txt,15,0.35222363471984863
C:\Projects\IU\Philosophy\Assignment1-AStar\tests\986.txt,11,0.27636194229125977
C:\Projects\IU\Philosophy\Assignment1-AStar\tests\987.txt,4,0.2667810916900635
C:\Projects\IU\Philosophy\Assignment1-AStar\tests\988.txt,10,0.2229902744293213
C:\Projects\IU\Philosophy\Assignment1-AStar\tests\989.txt,9,0.31414318084716797
C:\Projects\IU\Philosophy\Assignment1-AStar\tests\990.txt,12,0.31562328338623047
C:\Projects\IU\Philosophy\Assignment1-AStar\tests\991.txt,1,0.11465668678283691
C:\Projects\IU\Philosophy\Assignment1-AStar\tests\992.txt,2,0.11290597915649414
C:\Projects\IU\Philosophy\Assignment1-AStar\tests\993.txt,9,0.15253257751464844
C:\Projects\IU\Philosophy\Assignment1-AStar\tests\994.txt,8,0.13164305686950684
C:\Projects\IU\Philosophy\Assignment1-AStar\tests\995.txt,5,0.21169710159301758
C:\Projects\IU\Philosophy\Assignment1-AStar\tests\996.txt,13,0.19559407234191895
C:\Projects\IU\Philosophy\Assignment1-AStar\tests\997.txt,11,0.18290400505065918
C:\Projects\IU\Philosophy\Assignment1-AStar\tests\998.txt,16,0.36707067489624023
C:\Projects\IU\Philosophy\Assignment1-AStar\tests\999.txt,-1,0.10899138450622559
